"","date","NDVI","humidity_day","sites","precipitation","temperature","Humidity nigth"
"1","2013-01-01",0.5392,66.13933,"Ambakoana",0.4553466,20.55126,90.3125
"2","2013-01-01",0.7422,66.13933,"AngavoBe",0.3704406,20.59091,90.3125
"3","2013-01-01",0.6301,66.13933,"AngavoKely",0.3235028,18.71481,90.3125
"4","2013-01-01",0.7877,63.44683,"Ankarana_Canyon",0.3688678,27.37802,89.875
"5","2013-01-01",0.7059,63.44683,"Ankarana_Cathedral",0.3688678,27.37802,89.875
"6","2013-01-01",0.6924,63.44683,"Ankarana_Chauves_Souris",0.3688678,26.22637,89.875
"7","2013-01-01",0.7677,66.13933,"Lakato",0.4836964,20.59091,90.3125
"8","2013-01-01",0.601,44.8232,"Mahabo",0.3925465,27.43774,84.3125
"9","2013-01-01",0.6343,63.3762,"Mahialambo",0.3440587,21.14245,89.375
"10","2013-01-01",0.8293,79.37073,"Makira",0.5024055,21.49511,86.8125
"11","2013-01-01",0.6086,63.3762,"Mangarivotra",0.3741603,20.55126,89.375
"12","2013-01-01",0.7556,66.13933,"Maromizaha",0.5122777,23.6911,90.3125
"13","2013-01-01",0.5989,63.3762,"Marotsipohy",0.3741603,20.55126,89.375
"14","2013-01-01",0.6382,66.13933,"Marovitsika",0.3795358,20.59091,90.3125
"15","2013-02-01",0.625,70.73567,"Ambakoana",0.6682156,20.42303,90.1875
"16","2013-02-01",0.7755,70.73567,"AngavoBe",0.449292,20.54,90.1875
"17","2013-02-01",0.6725,70.73567,"AngavoKely",0.3674329,18.5158,90.1875
"18","2013-02-01",0.7813,67.66177,"Ankarana_Canyon",0.3098204,27.15646,91.875
"19","2013-02-01",0.7091,67.66177,"Ankarana_Cathedral",0.3098204,27.15646,91.875
"20","2013-02-01",0.7434,67.66177,"Ankarana_Chauves_Souris",0.3098204,26.21691,91.875
"21","2013-02-01",0.7783,70.73567,"Lakato",0.7801139,20.54,90.1875
"22","2013-02-01",0.7026,58.22216,"Mahabo",0.417831,25.98931,89.6875
"23","2013-02-01",0.7258,68.66607,"Mahialambo",0.6024765,20.96481,91.8125
"24","2013-02-01",0.8411,79.73701,"Makira",0.5450487,21.63253,88
"25","2013-02-01",0.6703,68.66607,"Mangarivotra",0.6505266,20.42303,91.8125
"26","2013-02-01",0.7742,70.73567,"Maromizaha",0.8656299,23.72793,90.1875
"27","2013-02-01",0.6996,68.66607,"Marotsipohy",0.6505266,20.42303,91.8125
"28","2013-02-01",0.6465,70.73567,"Marovitsika",0.4956185,20.54,90.1875
"29","2013-03-01",0.6288,68.59586,"Ambakoana",0.24998014,19.384,90.125
"30","2013-03-01",0.8073,68.59586,"AngavoBe",0.24637584,19.27557,90.125
"31","2013-03-01",0.6784,68.59586,"AngavoKely",0.32862437,17.79299,90.125
"32","2013-03-01",0.7848,65.14458,"Ankarana_Canyon",0.09773863,27.99624,90.1875
"33","2013-03-01",0.7278,65.14458,"Ankarana_Cathedral",0.09773863,27.99624,90.1875
"34","2013-03-01",0.7351,65.14458,"Ankarana_Chauves_Souris",0.09773863,26.53314,90.1875
"35","2013-03-01",0.823,68.59586,"Lakato",0.16145848,19.27557,90.125
"36","2013-03-01",0.6793,40.65678,"Mahabo",0.15031511,26.38244,79.625
"37","2013-03-01",0.7256,66.79397,"Mahialambo",0.40248102,20.16879,89.6875
"38","2013-03-01",0.8536,78.85292,"Makira",0.14807814,20.93154,87.125
"39","2013-03-01",0.6929,66.79397,"Mangarivotra",0.31552953,19.384,89.6875
"40","2013-03-01",0.7947,68.59586,"Maromizaha",0.18392795,22.5841,90.125
"41","2013-03-01",0.6804,66.79397,"Marotsipohy",0.31552953,19.384,89.6875
"42","2013-03-01",0.7381,68.59586,"Marovitsika",0.2167623,19.27557,90.125
"43","2013-04-01",0.6263,65.25079,"Ambakoana",0.021848975,18.11376,91
"44","2013-04-01",0.7997,65.25079,"AngavoBe",0.028411714,18.09536,91
"45","2013-04-01",0.6781,65.25079,"AngavoKely",0.032802582,16.54171,91
"46","2013-04-01",0.7774,61.87889,"Ankarana_Canyon",0.238277018,27.46661,90.375
"47","2013-04-01",0.7345,61.87889,"Ankarana_Cathedral",0.238277018,27.46661,90.375
"48","2013-04-01",0.7255,61.87889,"Ankarana_Chauves_Souris",0.238277018,25.96832,90.375
"49","2013-04-01",0.8095,65.25079,"Lakato",0.024495097,18.09536,91
"50","2013-04-01",0.6098,34.76723,"Mahabo",0.002163988,25.5711,69.5625
"51","2013-04-01",0.7281,64.9371,"Mahialambo",0.008066142,18.89819,90.1875
"52","2013-04-01",0.8511,79.40207,"Makira",0.068935312,19.99282,85.875
"53","2013-04-01",0.6703,64.9371,"Mangarivotra",0.004154598,18.11376,90.1875
"54","2013-04-01",0.7626,65.25079,"Maromizaha",0.019905986,21.48562,91
"55","2013-04-01",0.6761,64.9371,"Marotsipohy",0.004154598,18.11376,90.1875
"56","2013-04-01",0.7468,65.25079,"Marovitsika",0.025473047,18.09536,91
"57","2013-05-01",0.5815,64.3483,"Ambakoana",0.0422543176,17.1835,91.8125
"58","2013-05-01",0.8087,64.3483,"AngavoBe",0.0441115759,17.10635,91.8125
"59","2013-05-01",0.6594,64.3483,"AngavoKely",0.0385298394,15.36041,91.8125
"60","2013-05-01",0.72,55.15606,"Ankarana_Canyon",0.0021846599,26.63897,88.625
"61","2013-05-01",0.6478,55.15606,"Ankarana_Cathedral",0.0021846599,26.63897,88.625
"62","2013-05-01",0.6652,55.15606,"Ankarana_Chauves_Souris",0.0021846599,24.36453,88.625
"63","2013-05-01",0.8277,64.3483,"Lakato",0.0325411893,17.10635,91.8125
"64","2013-05-01",0.5474,35.23277,"Mahabo",0.0005817951,23.9324,71.0625
"65","2013-05-01",0.6998,62.23301,"Mahialambo",0.0180689041,17.8178,89.5625
"66","2013-05-01",0.8719,75.24591,"Makira",0.0143965818,18.40704,80.5625
"67","2013-05-01",0.6528,62.23301,"Mangarivotra",0.0209688488,17.1835,89.5625
"68","2013-05-01",0.8493,64.3483,"Maromizaha",0.0479149856,20.46133,91.8125
"69","2013-05-01",0.6615,62.23301,"Marotsipohy",0.0209688488,17.1835,89.5625
"70","2013-05-01",0.7253,64.3483,"Marovitsika",0.0479126498,17.10635,91.8125
"71","2013-06-01",0.5704,64.63435,"Ambakoana",0.051375061,13.79461,89.5
"72","2013-06-01",0.795,64.63435,"AngavoBe",0.016395865,13.89791,89.5
"73","2013-06-01",0.6148,64.63435,"AngavoKely",0.003496078,11.95358,89.5
"74","2013-06-01",0.6437,55.67527,"Ankarana_Canyon",0.009800951,24.99087,89.75
"75","2013-06-01",0.5802,55.67527,"Ankarana_Cathedral",0.009800951,24.99087,89.75
"76","2013-06-01",0.5967,55.67527,"Ankarana_Chauves_Souris",0.009800951,22.68264,89.75
"77","2013-06-01",0.819,64.63435,"Lakato",0.056105483,13.89791,89.5
"78","2013-06-01",0.491,32.63453,"Mahabo",0,21.93649,66.4375
"79","2013-06-01",0.6915,66.17094,"Mahialambo",0.037160739,14.43096,91.4375
"80","2013-06-01",0.8418,73.59384,"Makira",0.043010321,16.13165,74.625
"81","2013-06-01",0.6501,66.17094,"Mangarivotra",0.040913939,13.79461,91.4375
"82","2013-06-01",0.8442,64.63435,"Maromizaha",0.052979909,18.09115,89.5
"83","2013-06-01",0.6486,66.17094,"Marotsipohy",0.040913939,13.79461,91.4375
"84","2013-06-01",0.707,64.63435,"Marovitsika",0.021375038,13.89791,89.5
"85","2013-07-01",0.5607,59.06844,"Ambakoana",0,13.37206,90.8125
"86","2013-07-01",0.7742,59.06844,"AngavoBe",0,13.46206,90.8125
"87","2013-07-01",0.5851,59.06844,"AngavoKely",0.010633128,11.87033,90.8125
"88","2013-07-01",0.5849,51.07165,"Ankarana_Canyon",0.01251887,24.53823,89.6875
"89","2013-07-01",0.5318,51.07165,"Ankarana_Cathedral",0.01251887,24.53823,89.6875
"90","2013-07-01",0.5415,51.07165,"Ankarana_Chauves_Souris",0.01251887,22.39474,89.6875
"91","2013-07-01",0.8007,59.06844,"Lakato",0.003913291,13.46206,90.8125
"92","2013-07-01",0.4419,30.77484,"Mahabo",0,22.08135,66
"93","2013-07-01",0.6728,57.59795,"Mahialambo",0,14.02886,89.4375
"94","2013-07-01",0.8667,71.14317,"Makira",0.011388498,15.52456,72.0625
"95","2013-07-01",0.6388,57.59795,"Mangarivotra",0,13.37206,89.4375
"96","2013-07-01",0.8111,59.06844,"Maromizaha",0.001575244,17.39123,90.8125
"97","2013-07-01",0.6327,57.59795,"Marotsipohy",0,13.37206,89.4375
"98","2013-07-01",0.6917,59.06844,"Marovitsika",0,13.46206,90.8125
"99","2013-08-01",0.5292,59.22557,"Ambakoana",0.0503221303,13.64044,87.5625
"100","2013-08-01",0.7451,59.22557,"AngavoBe",0.0138851292,13.73724,87.5625
"101","2013-08-01",0.5455,59.22557,"AngavoKely",0.0196707491,12.04067,87.5625
"102","2013-08-01",0.5428,52.04608,"Ankarana_Canyon",0.0003113744,24.4866,87.25
"103","2013-08-01",0.4852,52.04608,"Ankarana_Cathedral",0.0003113744,24.4866,87.25
"104","2013-08-01",0.4926,52.04608,"Ankarana_Chauves_Souris",0.0003113744,22.23867,87.25
"105","2013-08-01",0.7734,59.22557,"Lakato",0.0629244372,13.73724,87.5625
"106","2013-08-01",0.3936,26.57063,"Mahabo",0.0001651463,23.55956,64.8125
"107","2013-08-01",0.6293,58.51267,"Mahialambo",0,14.35195,88.4375
"108","2013-08-01",0.8589,71.44622,"Makira",0.0310218837,15.69076,73.0625
"109","2013-08-01",0.602,58.51267,"Mangarivotra",0.0186721161,13.64044,88.4375
"110","2013-08-01",0.8015,59.22557,"Maromizaha",0.0631497577,17.71325,87.5625
"111","2013-08-01",0.5866,58.51267,"Marotsipohy",0.0186721161,13.64044,88.4375
"112","2013-08-01",0.6375,59.22557,"Marovitsika",0.0171245579,13.73724,87.5625
"113","2013-09-01",0.4853,53.14668,"Ambakoana",0.002883845,15.5902,86.0625
"114","2013-09-01",0.7163,53.14668,"AngavoBe",0.043781608,15.69378,86.0625
"115","2013-09-01",0.5013,53.14668,"AngavoKely",0.076349124,14.42413,86.0625
"116","2013-09-01",0.4914,47.87119,"Ankarana_Canyon",0.004771023,25.50665,88.9375
"117","2013-09-01",0.4355,47.87119,"Ankarana_Cathedral",0.004771023,25.50665,88.9375
"118","2013-09-01",0.4408,47.87119,"Ankarana_Chauves_Souris",0.004771023,23.52984,88.9375
"119","2013-09-01",0.731,53.14668,"Lakato",0.023773881,15.69378,86.0625
"120","2013-09-01",0.3636,21.34086,"Mahabo",0.001145648,25.13171,63.9375
"121","2013-09-01",0.5851,47.66683,"Mahialambo",0.00969484,16.31637,84.25
"122","2013-09-01",0.8315,71.04469,"Makira",0.015084676,17.15344,79.125
"123","2013-09-01",0.5532,47.66683,"Mangarivotra",0,15.5902,84.25
"124","2013-09-01",0.8014,53.14668,"Maromizaha",0.023994518,19.16497,86.0625
"125","2013-09-01",0.5285,47.66683,"Marotsipohy",0,15.5902,84.25
"126","2013-09-01",0.5941,53.14668,"Marovitsika",0.028898673,15.69378,86.0625
"127","2013-10-01",0.4962,58.45177,"Ambakoana",0.12242679,17.55554,85.0625
"128","2013-10-01",0.7268,58.45177,"AngavoBe",0.10475,17.58288,85.0625
"129","2013-10-01",0.5401,58.45177,"AngavoKely",0.14308101,16.49783,85.0625
"130","2013-10-01",0.4823,51.23149,"Ankarana_Canyon",0.02530648,26.64861,90.0625
"131","2013-10-01",0.4146,51.23149,"Ankarana_Cathedral",0.02530648,26.64861,90.0625
"132","2013-10-01",0.42,51.23149,"Ankarana_Chauves_Souris",0.02530648,24.58181,90.0625
"133","2013-10-01",0.7323,58.45177,"Lakato",0.09224839,17.58288,85.0625
"134","2013-10-01",0.3984,30.22646,"Mahabo",0.04067372,25.52981,69.125
"135","2013-10-01",0.5641,55.57948,"Mahialambo",0.09154051,18.28375,85.625
"136","2013-10-01",0.8323,74.71439,"Makira",0.21597093,18.68005,80.75
"137","2013-10-01",0.5434,55.57948,"Mangarivotra",0.11111361,17.55554,85.625
"138","2013-10-01",0.7982,58.45177,"Maromizaha",0.09327008,20.50408,85.0625
"139","2013-10-01",0.5245,55.57948,"Marotsipohy",0.11111361,17.55554,85.625
"140","2013-10-01",0.5838,58.45177,"Marovitsika",0.10173254,17.58288,85.0625
"141","2013-11-01",0.4634,59.25074,"Ambakoana",0.33049867,19.8847,91
"142","2013-11-01",0.6834,59.25074,"AngavoBe",0.32874188,19.96243,91
"143","2013-11-01",0.4953,59.25074,"AngavoKely",0.34309074,18.81561,91
"144","2013-11-01",0.5251,56.32912,"Ankarana_Canyon",0.12848482,27.57211,90.125
"145","2013-11-01",0.4338,56.32912,"Ankarana_Cathedral",0.12848482,27.57211,90.125
"146","2013-11-01",0.4595,56.32912,"Ankarana_Chauves_Souris",0.12848482,26.04922,90.125
"147","2013-11-01",0.7174,59.25074,"Lakato",0.2807681,19.96243,91
"148","2013-11-01",0.3848,31.38129,"Mahabo",0.04465833,27.82128,72.5625
"149","2013-11-01",0.5601,51.11257,"Mahialambo",0.24908492,20.64428,89.0625
"150","2013-11-01",0.8347,75.95122,"Makira",0.29428834,20.60684,83.3125
"151","2013-11-01",0.5488,51.11257,"Mangarivotra",0.31058902,19.8847,89.0625
"152","2013-11-01",0.784,59.25074,"Maromizaha",0.26145473,22.78784,91
"153","2013-11-01",0.5252,51.11257,"Marotsipohy",0.31058902,19.8847,89.0625
"154","2013-11-01",0.5364,59.25074,"Marovitsika",0.28902501,19.96243,91
"155","2013-12-01",0.5258,66.70076,"Ambakoana",0.5707652,20.0407,90.25
"156","2013-12-01",0.7678,66.70076,"AngavoBe",0.54929829,20.00643,90.25
"157","2013-12-01",0.6,66.70076,"AngavoKely",0.41836366,18.49093,90.25
"158","2013-12-01",0.6741,60.69204,"Ankarana_Canyon",0.44287348,27.08883,90.3125
"159","2013-12-01",0.5816,60.69204,"Ankarana_Cathedral",0.44287348,27.08883,90.3125
"160","2013-12-01",0.6305,60.69204,"Ankarana_Chauves_Souris",0.44287348,26.39581,90.3125
"161","2013-12-01",0.7689,66.70076,"Lakato",0.3466273,20.00643,90.25
"162","2013-12-01",0.3802,35.43309,"Mahabo",0.05572872,28.17758,77.5
"163","2013-12-01",0.6015,62.44939,"Mahialambo",0.3225894,20.87191,89.5
"164","2013-12-01",0.8327,77.04042,"Makira",0.06980623,21.21038,84.6875
"165","2013-12-01",0.5963,62.44939,"Mangarivotra",0.48025408,20.0407,89.5
"166","2013-12-01",0.7914,66.70076,"Maromizaha",0.40866739,23.06649,90.25
"167","2013-12-01",0.5605,62.44939,"Marotsipohy",0.48025408,20.0407,89.5
"168","2013-12-01",0.6239,66.70076,"Marovitsika",0.56060088,20.00643,90.25
"169","2014-01-01",0.5341,70.99443,"Ambakoana",0.4525971,20.35067,90.25
"170","2014-01-01",0.7691,70.99443,"AngavoBe",0.4060592,20.57998,90.25
"171","2014-01-01",0.6799,70.99443,"AngavoKely",0.2608846,18.44561,90.25
"172","2014-01-01",0.6975,71.19351,"Ankarana_Canyon",0.3430256,26.64364,90.9375
"173","2014-01-01",0.6849,71.19351,"Ankarana_Cathedral",0.3430256,26.64364,90.9375
"174","2014-01-01",0.7168,71.19351,"Ankarana_Chauves_Souris",0.3430256,25.56359,90.9375
"175","2014-01-01",0.7971,70.99443,"Lakato",0.4118464,20.57998,90.25
"176","2014-01-01",0.5357,58.27119,"Mahabo",0.7803602,26.46646,85.75
"177","2014-01-01",0.6403,68.18961,"Mahialambo",0.3204904,20.81362,91.0625
"178","2014-01-01",0.8223,79.53561,"Makira",0.5555369,21.09194,88
"179","2014-01-01",0.5618,68.18961,"Mangarivotra",0.3964932,20.35067,91.0625
"180","2014-01-01",0.7763,70.99443,"Maromizaha",0.4520657,23.72796,90.25
"181","2014-01-01",0.6594,68.18961,"Marotsipohy",0.3964932,20.35067,91.0625
"182","2014-01-01",0.6833,70.99443,"Marovitsika",0.4308292,20.57998,90.25
"183","2014-02-01",0.6027,70.50975,"Ambakoana",0.4917748,20.21749,90.75
"184","2014-02-01",0.8215,70.50975,"AngavoBe",0.4669796,20.09716,90.75
"185","2014-02-01",0.7202,70.50975,"AngavoKely",0.3313487,18.31802,90.75
"186","2014-02-01",0.7645,73.32023,"Ankarana_Canyon",0.5311369,26.30642,92.6875
"187","2014-02-01",0.6827,73.32023,"Ankarana_Cathedral",0.5311369,26.30642,92.6875
"188","2014-02-01",0.7928,73.32023,"Ankarana_Chauves_Souris",0.5311369,25.15905,92.6875
"189","2014-02-01",0.788,70.50975,"Lakato",0.5504834,20.09716,90.75
"190","2014-02-01",0.6908,49.6982,"Mahabo",0.20325,26.55853,85.1875
"191","2014-02-01",0.6954,67.79553,"Mahialambo",0.4244253,20.91348,90
"192","2014-02-01",0.8407,79.58012,"Makira",0.5567137,21.10964,88.125
"193","2014-02-01",0.5929,67.79553,"Mangarivotra",0.488685,20.21749,90
"194","2014-02-01",0.7725,70.50975,"Maromizaha",0.4972844,23.30215,90.75
"195","2014-02-01",0.6709,67.79553,"Marotsipohy",0.488685,20.21749,90
"196","2014-02-01",0.7556,70.50975,"Marovitsika",0.4984654,20.09716,90.75
"197","2014-03-01",0.6004,65.16998,"Ambakoana",0.2470023,19.46139,90.75
"198","2014-03-01",0.8175,65.16998,"AngavoBe",0.2312262,19.45812,90.75
"199","2014-03-01",0.7056,65.16998,"AngavoKely",0.2511927,17.88427,90.75
"200","2014-03-01",0.7693,66.62968,"Ankarana_Canyon",0.3147767,26.94308,91
"201","2014-03-01",0.7266,66.62968,"Ankarana_Cathedral",0.3147767,26.94308,91
"202","2014-03-01",0.7371,66.62968,"Ankarana_Chauves_Souris",0.3147767,25.40396,91
"203","2014-03-01",0.8,65.16998,"Lakato",0.2333266,19.45812,90.75
"204","2014-03-01",0.6705,40.70392,"Mahabo",0.1642194,26.9234,80.875
"205","2014-03-01",0.7112,62.90102,"Mahialambo",0.2537062,20.11065,91
"206","2014-03-01",0.8671,78.05823,"Makira",0.2671065,20.86804,86.625
"207","2014-03-01",0.6423,62.90102,"Mangarivotra",0.2585415,19.46139,91
"208","2014-03-01",0.7441,65.16998,"Maromizaha",0.2257905,22.83898,90.75
"209","2014-03-01",0.6738,62.90102,"Marotsipohy",0.2585415,19.46139,91
"210","2014-03-01",0.7428,65.16998,"Marovitsika",0.2604225,19.45812,90.75
"211","2014-04-01",0.633,63.79068,"Ambakoana",0.0085159,18.05541,91.125
"212","2014-04-01",0.8102,63.79068,"AngavoBe",0.002430302,18.15032,91.125
"213","2014-04-01",0.7055,63.79068,"AngavoKely",0.006018642,16.24246,91.125
"214","2014-04-01",0.7521,63.86225,"Ankarana_Canyon",0.009279247,27.04919,89.9375
"215","2014-04-01",0.707,63.86225,"Ankarana_Cathedral",0.009279247,27.04919,89.9375
"216","2014-04-01",0.7244,63.86225,"Ankarana_Chauves_Souris",0.009279247,25.21511,89.9375
"217","2014-04-01",0.804,63.79068,"Lakato",0.011892742,18.15032,91.125
"218","2014-04-01",0.599,37.14078,"Mahabo",0.042577334,25.42871,74.25
"219","2014-04-01",0.7083,60.15955,"Mahialambo",0.002682163,18.6726,91.8125
"220","2014-04-01",0.8662,77.13853,"Makira",0.055500749,19.88189,85.5
"221","2014-04-01",0.6685,60.15955,"Mangarivotra",0.001292354,18.05541,91.8125
"222","2014-04-01",0.7883,63.79068,"Maromizaha",0.009505477,21.59155,91.125
"223","2014-04-01",0.7026,60.15955,"Marotsipohy",0.001292354,18.05541,91.8125
"224","2014-04-01",0.7462,63.79068,"Marovitsika",0.001930701,18.15032,91.125
"225","2014-05-01",0.5819,64.54878,"Ambakoana",0.013666994,16.52801,89.375
"226","2014-05-01",0.7964,64.54878,"AngavoBe",0.002690553,16.44409,89.375
"227","2014-05-01",0.6469,64.54878,"AngavoKely",0.010209647,14.55255,89.375
"228","2014-05-01",0.6952,60.3237,"Ankarana_Canyon",0.006313827,26.47585,90.6875
"229","2014-05-01",0.6471,60.3237,"Ankarana_Cathedral",0.006313827,26.47585,90.6875
"230","2014-05-01",0.6521,60.3237,"Ankarana_Chauves_Souris",0.006313827,24.41116,90.6875
"231","2014-05-01",0.8076,64.54878,"Lakato",0.012759938,16.44409,89.375
"232","2014-05-01",0.5405,37.68069,"Mahabo",0,23.88366,71.1875
"233","2014-05-01",0.6691,58.31189,"Mahialambo",0.014369529,17.2601,90.375
"234","2014-05-01",0.8652,75.80823,"Makira",0.018283471,18.72152,82.9375
"235","2014-05-01",0.6262,58.31189,"Mangarivotra",0.011241233,16.52801,90.375
"236","2014-05-01",0.8445,64.54878,"Maromizaha",0.012630368,20.13131,89.375
"237","2014-05-01",0.6584,58.31189,"Marotsipohy",0.011241233,16.52801,90.375
"238","2014-05-01",0.7165,64.54878,"Marovitsika",0.004825338,16.44409,89.375
"239","2014-06-01",0.5472,67.66908,"Ambakoana",0.083896302,14.69015,92.3125
"240","2014-06-01",0.7885,67.66908,"AngavoBe",0.016516773,14.7795,92.3125
"241","2014-06-01",0.6228,67.66908,"AngavoKely",0.01591862,12.8215,92.3125
"242","2014-06-01",0.6393,56.75053,"Ankarana_Canyon",0.007510068,25.36129,88.9375
"243","2014-06-01",0.6006,56.75053,"Ankarana_Cathedral",0.007510068,25.36129,88.9375
"244","2014-06-01",0.5927,56.75053,"Ankarana_Chauves_Souris",0.007510068,22.9616,88.9375
"245","2014-06-01",0.7998,67.66908,"Lakato",0.050923534,14.7795,92.3125
"246","2014-06-01",0.4936,34.66084,"Mahabo",0,23.0213,67.25
"247","2014-06-01",0.6488,64.40935,"Mahialambo",0.063535698,15.37002,92.3125
"248","2014-06-01",0.8378,75.04915,"Makira",0.097223617,17.05807,74.875
"249","2014-06-01",0.5796,64.40935,"Mangarivotra",0.048209492,14.69015,92.3125
"250","2014-06-01",0.8286,67.66908,"Maromizaha",0.065548964,18.79351,92.3125
"251","2014-06-01",0.6209,64.40935,"Marotsipohy",0.048209492,14.69015,92.3125
"252","2014-06-01",0.6993,67.66908,"Marovitsika",0.026224051,14.7795,92.3125
"253","2014-07-01",0.53775,72.19397,"Ambakoana",0.325852096,14.15219,88.0625
"254","2014-07-01",0.75745,72.19397,"AngavoBe",0.167409837,14.18484,88.0625
"255","2014-07-01",0.6092,72.19397,"AngavoKely",0.118037991,12.23837,88.0625
"256","2014-07-01",0.5512999,60.59687,"Ankarana_Canyon",0.02401478,24.92047,86.625
"257","2014-07-01",0.5159,60.59687,"Ankarana_Cathedral",0.02401478,24.92047,86.625
"258","2014-07-01",0.50575,60.59687,"Ankarana_Chauves_Souris",0.02401478,22.65392,86.625
"259","2014-07-01",0.7558,72.19397,"Lakato",0.318101168,14.18484,88.0625
"260","2014-07-01",0.4261,35.66147,"Mahabo",0.005383352,23.2058,66.5
"261","2014-07-01",0.6158,68.72154,"Mahialambo",0.336406738,14.88076,89.4375
"262","2014-07-01",0.8614,76.49573,"Makira",0.142035946,16.58355,79.5
"263","2014-07-01",0.5621,68.72154,"Mangarivotra",0.333172113,14.15219,89.4375
"264","2014-07-01",0.7888,72.19397,"Maromizaha",0.342123121,18.10836,88.0625
"265","2014-07-01",0.61035,68.72154,"Marotsipohy",0.333172113,14.15219,89.4375
"266","2014-07-01",0.68945,72.19397,"Marovitsika",0.150617167,14.18484,88.0625
"267","2014-08-01",0.5213,61.47106,"Ambakoana",0.004098075,14.77044,88.3125
"268","2014-08-01",0.7475,61.47106,"AngavoBe",0,14.83645,88.3125
"269","2014-08-01",0.5942,61.47106,"AngavoKely",0.018953307,13.46588,88.3125
"270","2014-08-01",0.531,51.39915,"Ankarana_Canyon",0.006740673,24.99438,87.5
"271","2014-08-01",0.4915,51.39915,"Ankarana_Cathedral",0.006740673,24.99438,87.5
"272","2014-08-01",0.4836,51.39915,"Ankarana_Chauves_Souris",0.006740673,22.71996,87.5
"273","2014-08-01",0.7628,61.47106,"Lakato",0,14.83645,88.3125
"274","2014-08-01",0.406,29.90454,"Mahabo",0,23.61331,64.5
"275","2014-08-01",0.6116,60.06411,"Mahialambo",0.009301262,15.44009,87
"276","2014-08-01",0.8567,70.85239,"Makira",0.034247488,16.488,77.875
"277","2014-08-01",0.5814,60.06411,"Mangarivotra",0.012676556,14.77044,87
"278","2014-08-01",0.8146,61.47106,"Maromizaha",0,18.37585,88.3125
"279","2014-08-01",0.6036,60.06411,"Marotsipohy",0.012676556,14.77044,87
"280","2014-08-01",0.6778,61.47106,"Marovitsika",0,14.83645,88.3125
"281","2014-09-01",0.5177,54.77716,"Ambakoana",0.024990711,14.98684,85.875
"282","2014-09-01",0.7284,54.77716,"AngavoBe",0.015640238,15.16781,85.875
"283","2014-09-01",0.5415,54.77716,"AngavoKely",0.036522716,13.67013,85.875
"284","2014-09-01",0.504,52.56752,"Ankarana_Canyon",0.008717325,25.11364,88.6875
"285","2014-09-01",0.4552,52.56752,"Ankarana_Cathedral",0.008717325,25.11364,88.6875
"286","2014-09-01",0.4442,52.56752,"Ankarana_Chauves_Souris",0.008717325,23.08886,88.6875
"287","2014-09-01",0.7387,54.77716,"Lakato",0.009330641,15.16781,85.875
"288","2014-09-01",0.3772,26.0666,"Mahabo",0.008076455,24.89175,64.5
"289","2014-09-01",0.6005,53.82707,"Mahialambo",0.003668661,15.71255,84.3125
"290","2014-09-01",0.8423,72.85792,"Makira",0.015239231,16.67602,79.0625
"291","2014-09-01",0.5723,53.82707,"Mangarivotra",0.018103814,14.98684,84.3125
"292","2014-09-01",0.7898,54.77716,"Maromizaha",0.017898545,18.90573,85.875
"293","2014-09-01",0.5879,53.82707,"Marotsipohy",0.018103814,14.98684,84.3125
"294","2014-09-01",0.6558,54.77716,"Marovitsika",0.01108975,15.16781,85.875
"295","2014-10-01",0.4801,55.32325,"Ambakoana",0.144785374,19.03924,86.6875
"296","2014-10-01",0.728,55.32325,"AngavoBe",0.118770294,19.08798,86.6875
"297","2014-10-01",0.5473,55.32325,"AngavoKely",0.072563462,18.07922,86.6875
"298","2014-10-01",0.4778,53.43808,"Ankarana_Canyon",0.020874344,26.65032,89.75
"299","2014-10-01",0.4199,53.43808,"Ankarana_Cathedral",0.020874344,26.65032,89.75
"300","2014-10-01",0.417,53.43808,"Ankarana_Chauves_Souris",0.020874344,25.06896,89.75
"301","2014-10-01",0.7088,55.32325,"Lakato",0.104638323,19.08798,86.6875
"302","2014-10-01",0.3572,27.54245,"Mahabo",0.002649438,25.06314,74.75
"303","2014-10-01",0.5524,50.91554,"Mahialambo",0.199090481,19.82757,85.4375
"304","2014-10-01",0.8432,76.29505,"Makira",0.09661819,19.59051,83.9375
"305","2014-10-01",0.5401,50.91554,"Mangarivotra",0.161585167,19.03924,85.4375
"306","2014-10-01",0.7721,55.32325,"Maromizaha",0.106029935,21.60806,86.6875
"307","2014-10-01",0.5218,50.91554,"Marotsipohy",0.161585167,19.03924,85.4375
"308","2014-10-01",0.5986,55.32325,"Marovitsika",0.097029209,19.08798,86.6875
"309","2014-11-01",0.4991,59.35158,"Ambakoana",0.37901923,19.57577,85.875
"310","2014-11-01",0.7091,59.35158,"AngavoBe",0.29490268,19.61529,85.875
"311","2014-11-01",0.5563,59.35158,"AngavoKely",0.28752068,18.56634,85.875
"312","2014-11-01",0.6226,56.62664,"Ankarana_Canyon",0.10810912,27.1817,91.1875
"313","2014-11-01",0.5226,56.62664,"Ankarana_Cathedral",0.10810912,27.1817,91.1875
"314","2014-11-01",0.5468,56.62664,"Ankarana_Chauves_Souris",0.10810912,25.93749,91.1875
"315","2014-11-01",0.7177,59.35158,"Lakato",0.28884029,19.61529,85.875
"316","2014-11-01",0.3444,27.92164,"Mahabo",0.01893679,27.26977,69.9375
"317","2014-11-01",0.57,54.35284,"Mahialambo",0.27018028,20.32119,85.6875
"318","2014-11-01",0.8275,75.70103,"Makira",0.0752057,20.42983,84.1875
"319","2014-11-01",0.5473,54.35284,"Mangarivotra",0.27582371,19.57577,85.6875
"320","2014-11-01",0.79,59.35158,"Maromizaha",0.35950032,22.40386,85.875
"321","2014-11-01",0.5475,54.35284,"Marotsipohy",0.27582371,19.57577,85.6875
"322","2014-11-01",0.6046,59.35158,"Marovitsika",0.29442981,19.61529,85.875
"323","2014-12-01",0.5525,63.56993,"Ambakoana",0.6811259,20.91009,86.9375
"324","2014-12-01",0.75,63.56993,"AngavoBe",0.5783809,20.93499,86.9375
"325","2014-12-01",0.639,63.56993,"AngavoKely",0.5001415,19.37509,86.9375
"326","2014-12-01",0.7437,60.95015,"Ankarana_Canyon",0.233566,27.51095,91.1875
"327","2014-12-01",0.656,60.95015,"Ankarana_Cathedral",0.233566,27.51095,91.1875
"328","2014-12-01",0.6609,60.95015,"Ankarana_Chauves_Souris",0.233566,27.23596,91.1875
"329","2014-12-01",0.7353,63.56993,"Lakato",0.4950154,20.93499,86.9375
"330","2014-12-01",0.3353,37.33415,"Mahabo",0.1082178,27.63626,75.8125
"331","2014-12-01",0.6096,61.17046,"Mahialambo",0.6128569,21.57491,88.1875
"332","2014-12-01",0.8269,76.88872,"Makira",0.4384778,21.95877,86.0625
"333","2014-12-01",0.5868,61.17046,"Mangarivotra",0.6253694,20.91009,88.1875
"334","2014-12-01",0.802,63.56993,"Maromizaha",0.6130692,23.79089,86.9375
"335","2014-12-01",0.6323,61.17046,"Marotsipohy",0.6253694,20.91009,88.1875
"336","2014-12-01",0.6699,63.56993,"Marovitsika",0.6621363,20.93499,86.9375
"337","2015-01-01",0.5873,71.51763,"Ambakoana",0.490113,20.50036,91.375
"338","2015-01-01",0.7532,71.51763,"AngavoBe",0.394323,20.63162,91.375
"339","2015-01-01",0.6645,71.51763,"AngavoKely",0.3923839,18.56271,91.375
"340","2015-01-01",0.7618,69.88064,"Ankarana_Canyon",0.4338602,26.5068,92.1875
"341","2015-01-01",0.6996,69.88064,"Ankarana_Cathedral",0.4338602,26.5068,92.1875
"342","2015-01-01",0.649,69.88064,"Ankarana_Chauves_Souris",0.4338602,25.4942,92.1875
"343","2015-01-01",0.7804,71.51763,"Lakato",0.5925195,20.63162,91.375
"344","2015-01-01",0.5973,55.78672,"Mahabo",0.6417877,26.60616,85.9375
"345","2015-01-01",0.6452,69.25182,"Mahialambo",0.4007913,21.01211,92.9375
"346","2015-01-01",0.8217,79.3839,"Makira",0.4512527,21.28488,86.1875
"347","2015-01-01",0.5871,69.25182,"Mangarivotra",0.4383972,20.50036,92.9375
"348","2015-01-01",0.783,71.51763,"Maromizaha",0.544718,23.65038,91.375
"349","2015-01-01",0.655,69.25182,"Marotsipohy",0.4383972,20.50036,92.9375
"350","2015-01-01",0.6866,71.51763,"Marovitsika",0.4282969,20.63162,91.375
"351","2015-02-01",0.5852,74.01136,"Ambakoana",0.9425497,19.74868,89.3125
"352","2015-02-01",0.7526,74.01136,"AngavoBe",0.8122939,19.81451,89.3125
"353","2015-02-01",0.6869,74.01136,"AngavoKely",0.6701089,17.85256,89.3125
"354","2015-02-01",0.8064,69.66357,"Ankarana_Canyon",0.3099049,26.83999,91.0625
"355","2015-02-01",0.6384,69.66357,"Ankarana_Cathedral",0.3099049,26.83999,91.0625
"356","2015-02-01",0.7242,69.66357,"Ankarana_Chauves_Souris",0.3099049,25.86279,91.0625
"357","2015-02-01",0.7892,74.01136,"Lakato",0.8703299,19.81451,89.3125
"358","2015-02-01",0.6829,60.46157,"Mahabo",0.7890673,26.08871,88.9375
"359","2015-02-01",0.643,70.94695,"Mahialambo",0.6919219,20.27139,89.9375
"360","2015-02-01",0.8359,80.06713,"Makira",0.5811594,21.29666,86.5
"361","2015-02-01",0.6505,70.94695,"Mangarivotra",0.8699832,19.74868,89.9375
"362","2015-02-01",0.8174,74.01136,"Maromizaha",0.8888165,22.89733,89.3125
"363","2015-02-01",0.7139,70.94695,"Marotsipohy",0.8699832,19.74868,89.9375
"364","2015-02-01",0.7332,74.01136,"Marovitsika",0.7905269,19.81451,89.3125
"365","2015-03-01",0.5845,66.65353,"Ambakoana",0.3862393,19.33706,90.75
"366","2015-03-01",0.7956,66.65353,"AngavoBe",0.2214978,19.35098,90.75
"367","2015-03-01",0.6928,66.65353,"AngavoKely",0.1725292,17.72357,90.75
"368","2015-03-01",0.7766,67.66401,"Ankarana_Canyon",0.1588617,27.09295,89.9375
"369","2015-03-01",0.6982,67.66401,"Ankarana_Cathedral",0.1588617,27.09295,89.9375
"370","2015-03-01",0.721,67.66401,"Ankarana_Chauves_Souris",0.1588617,25.53256,89.9375
"371","2015-03-01",0.8261,66.65353,"Lakato",0.4998223,19.35098,90.75
"372","2015-03-01",0.7193,48.39741,"Mahabo",0.3398288,26.32208,80.4375
"373","2015-03-01",0.7006,65.09634,"Mahialambo",0.3885476,19.95394,89.3125
"374","2015-03-01",0.8223,78.83494,"Makira",0.471207,20.6961,86.375
"375","2015-03-01",0.6307,65.09634,"Mangarivotra",0.3751763,19.33706,89.3125
"376","2015-03-01",0.8126,66.65353,"Maromizaha",0.4942818,22.60504,90.75
"377","2015-03-01",0.683,65.09634,"Marotsipohy",0.3751763,19.33706,89.3125
"378","2015-03-01",0.7336,66.65353,"Marovitsika",0.2266453,19.35098,90.75
"379","2015-04-01",0.5937,62.72903,"Ambakoana",0.05565716,18.97308,90.5
"380","2015-04-01",0.792,62.72903,"AngavoBe",0.01679932,18.98001,90.5
"381","2015-04-01",0.6748,62.72903,"AngavoKely",0.02914745,17.73821,90.5
"382","2015-04-01",0.7306,61.01756,"Ankarana_Canyon",0.05858838,27.47524,90.625
"383","2015-04-01",0.689,61.01756,"Ankarana_Cathedral",0.05858838,27.47524,90.625
"384","2015-04-01",0.7136,61.01756,"Ankarana_Chauves_Souris",0.05858838,26.09701,90.625
"385","2015-04-01",0.8059,62.72903,"Lakato",0.03034268,18.98001,90.5
"386","2015-04-01",0.6662,38.65141,"Mahabo",0,25.41155,77.875
"387","2015-04-01",0.6926,59.11642,"Mahialambo",0.03451153,19.63177,90.9375
"388","2015-04-01",0.8727,78.23255,"Makira",0.05564518,20.26278,85.6875
"389","2015-04-01",0.6254,59.11642,"Mangarivotra",0.04800322,18.97308,90.9375
"390","2015-04-01",0.8233,62.72903,"Maromizaha",0.02521718,22.08825,90.5
"391","2015-04-01",0.693,59.11642,"Marotsipohy",0.04800322,18.97308,90.9375
"392","2015-04-01",0.7188,62.72903,"Marovitsika",0.02151111,18.98001,90.5
"393","2015-05-01",0.5989,65.22397,"Ambakoana",0.0916770771,17.21273,88.9375
"394","2015-05-01",0.8028,65.22397,"AngavoBe",0.1322025508,17.29949,88.9375
"395","2015-05-01",0.6366,65.22397,"AngavoKely",0.0840012729,15.71865,88.9375
"396","2015-05-01",0.7027,60.19487,"Ankarana_Canyon",0.0309936572,27.28124,89.25
"397","2015-05-01",0.6456,60.19487,"Ankarana_Cathedral",0.0309936572,27.28124,89.25
"398","2015-05-01",0.6525,60.19487,"Ankarana_Chauves_Souris",0.0309936572,24.97137,89.25
"399","2015-05-01",0.7795,65.22397,"Lakato",0.0978591666,17.29949,88.9375
"400","2015-05-01",0.5817,36.37415,"Mahabo",0.0002477195,23.92452,72
"401","2015-05-01",0.667,60.6718,"Mahialambo",0.0481715649,17.81985,90.5
"402","2015-05-01",0.8856,77.17451,"Makira",0.0976422206,18.97665,83.5625
"403","2015-05-01",0.6172,60.6718,"Mangarivotra",0.0711247101,17.21273,90.5
"404","2015-05-01",0.8339,65.22397,"Maromizaha",0.1045313179,20.81726,88.9375
"405","2015-05-01",0.69,60.6718,"Marotsipohy",0.0711247101,17.21273,90.5
"406","2015-05-01",0.7291,65.22397,"Marovitsika",0.1283404827,17.29949,88.9375
"407","2015-06-01",0.5883,65.96722,"Ambakoana",0.0812632143,15.66418,88.4375
"408","2015-06-01",0.7844,65.96722,"AngavoBe",0.0179646816,15.62713,88.4375
"409","2015-06-01",0.6066,65.96722,"AngavoKely",0.001843625,13.84463,88.4375
"410","2015-06-01",0.6317,57.07592,"Ankarana_Canyon",0.0280459132,25.98101,89.3125
"411","2015-06-01",0.5796,57.07592,"Ankarana_Cathedral",0.0280459132,25.98101,89.3125
"412","2015-06-01",0.5845,57.07592,"Ankarana_Chauves_Souris",0.0280459132,23.90127,89.3125
"413","2015-06-01",0.798,65.96722,"Lakato",0.0581659526,15.62713,88.4375
"414","2015-06-01",0.5493,36.25031,"Mahabo",0.0003932714,23.04458,73.3125
"415","2015-06-01",0.6642,62.94748,"Mahialambo",0.0717609897,16.36776,89.1875
"416","2015-06-01",0.8835,75.99555,"Makira",0.0754924938,17.75982,79.8125
"417","2015-06-01",0.6082,62.94748,"Mangarivotra",0.0823582113,15.66418,89.1875
"418","2015-06-01",0.8292,65.96722,"Maromizaha",0.0946922153,19.21868,88.4375
"419","2015-06-01",0.6832,62.94748,"Marotsipohy",0.0823582113,15.66418,89.1875
"420","2015-06-01",0.688,65.96722,"Marovitsika",0.0299131982,15.62713,88.4375
"421","2015-07-01",0.5354,65.37306,"Ambakoana",0.033640049,14.20175,91.125
"422","2015-07-01",0.7795,65.37306,"AngavoBe",0.002080242,14.31616,91.125
"423","2015-07-01",0.6087,65.37306,"AngavoKely",0,12.57656,91.125
"424","2015-07-01",0.5861,60.69281,"Ankarana_Canyon",0.021017535,24.69363,91.5
"425","2015-07-01",0.5265,60.69281,"Ankarana_Cathedral",0.021017535,24.69363,91.5
"426","2015-07-01",0.525,60.69281,"Ankarana_Chauves_Souris",0.021017535,22.3319,91.5
"427","2015-07-01",0.7836,65.37306,"Lakato",0.032509971,14.31616,91.125
"428","2015-07-01",0.5022,32.98212,"Mahabo",0,22.43411,69
"429","2015-07-01",0.6581,63.02946,"Mahialambo",0.020547226,14.9284,92
"430","2015-07-01",0.8658,76.60738,"Makira",0.084642515,16.43981,78.4375
"431","2015-07-01",0.6051,63.02946,"Mangarivotra",0.048326783,14.20175,92
"432","2015-07-01",0.8187,65.37306,"Maromizaha",0.035111368,18.19125,91.125
"433","2015-07-01",0.6691,63.02946,"Marotsipohy",0.048326783,14.20175,92
"434","2015-07-01",0.6807,65.37306,"Marovitsika",0.005756723,14.31616,91.125
"435","2015-08-01",0.5266,60.99165,"Ambakoana",0.158086777,14.27218,89.6875
"436","2015-08-01",0.7368,60.99165,"AngavoBe",0.054432925,14.38638,89.6875
"437","2015-08-01",0.5485,60.99165,"AngavoKely",0.04299783,12.73821,89.6875
"438","2015-08-01",0.534,53.04669,"Ankarana_Canyon",0.024413731,24.70626,89.625
"439","2015-08-01",0.4803,53.04669,"Ankarana_Cathedral",0.024413731,24.70626,89.625
"440","2015-08-01",0.4888,53.04669,"Ankarana_Chauves_Souris",0.024413731,22.36108,89.625
"441","2015-08-01",0.7731,60.99165,"Lakato",0.10938932,14.38638,89.6875
"442","2015-08-01",0.4593,29.7433,"Mahabo",0.002932959,22.85494,73.625
"443","2015-08-01",0.6089,59.56833,"Mahialambo",0.160470411,14.92755,89.9375
"444","2015-08-01",0.8544,74.58975,"Makira",0.185375527,16.16918,78.8125
"445","2015-08-01",0.5536,59.56833,"Mangarivotra",0.168293461,14.27218,89.9375
"446","2015-08-01",0.8187,60.99165,"Maromizaha",0.116311461,18.1014,89.6875
"447","2015-08-01",0.6143,59.56833,"Marotsipohy",0.168293461,14.27218,89.9375
"448","2015-08-01",0.6254,60.99165,"Marovitsika",0.061573982,14.38638,89.6875
"449","2015-09-01",0.4928,60.20192,"Ambakoana",0.006444941,15.14459,89.125
"450","2015-09-01",0.7191,60.20192,"AngavoBe",0.009653744,15.19863,89.125
"451","2015-09-01",0.51,60.20192,"AngavoKely",0.004774001,14.01367,89.125
"452","2015-09-01",0.5024,51.21384,"Ankarana_Canyon",0.013393156,25.35028,87.5625
"453","2015-09-01",0.4417,51.21384,"Ankarana_Cathedral",0.013393156,25.35028,87.5625
"454","2015-09-01",0.4537,51.21384,"Ankarana_Chauves_Souris",0.013393156,23.14376,87.5625
"455","2015-09-01",0.7422,60.20192,"Lakato",0.006028607,15.19863,89.125
"456","2015-09-01",0.4308,28.93082,"Mahabo",0,25.10208,68.9375
"457","2015-09-01",0.5989,49.31006,"Mahialambo",0.013946404,16.00509,86.5
"458","2015-09-01",0.853,74.33511,"Makira",0.065501072,16.83465,80.75
"459","2015-09-01",0.5407,49.31006,"Mangarivotra",0.004306329,15.14459,86.5
"460","2015-09-01",0.7967,60.20192,"Maromizaha",0.001703475,18.73345,89.125
"461","2015-09-01",0.5638,49.31006,"Marotsipohy",0.004306329,15.14459,86.5
"462","2015-09-01",0.5893,60.20192,"Marovitsika",0.015979497,15.19863,89.125
"463","2015-10-01",0.4693,54.49764,"Ambakoana",0.05437417,17.21597,86.8125
"464","2015-10-01",0.679,54.49764,"AngavoBe",0.03199867,17.31332,86.8125
"465","2015-10-01",0.4808,54.49764,"AngavoKely",0.03143285,16.28521,86.8125
"466","2015-10-01",0.5034,54.26324,"Ankarana_Canyon",0.01274304,26.64926,92.4375
"467","2015-10-01",0.4469,54.26324,"Ankarana_Cathedral",0.01274304,26.64926,92.4375
"468","2015-10-01",0.5264,54.26324,"Ankarana_Chauves_Souris",0.01274304,24.6809,92.4375
"469","2015-10-01",0.7045,54.49764,"Lakato",0.02070583,17.31332,86.8125
"470","2015-10-01",0.4112,27.20856,"Mahabo",0.01376682,26.70098,71.1875
"471","2015-10-01",0.5296,50.43596,"Mahialambo",0.04774486,18.11575,87.75
"472","2015-10-01",0.8795,78.47365,"Makira",0.08831464,18.55972,84.6875
"473","2015-10-01",0.479,50.43596,"Mangarivotra",0.03628353,17.21597,87.75
"474","2015-10-01",0.7742,54.49764,"Maromizaha",0.02252599,20.47201,86.8125
"475","2015-10-01",0.504,50.43596,"Marotsipohy",0.03628353,17.21597,87.75
"476","2015-10-01",0.5435,54.49764,"Marovitsika",0.03809648,17.31332,86.8125
"477","2015-11-01",0.5055,55.58261,"Ambakoana",0.22938016,18.71719,87.4375
"478","2015-11-01",0.7101,55.58261,"AngavoBe",0.13328488,18.84429,87.4375
"479","2015-11-01",0.5474,55.58261,"AngavoKely",0.13377734,18.11032,87.4375
"480","2015-11-01",0.5879,56.13502,"Ankarana_Canyon",0.17466748,27.30029,91.375
"481","2015-11-01",0.4914,56.13502,"Ankarana_Cathedral",0.17466748,27.30029,91.375
"482","2015-11-01",0.5383,56.13502,"Ankarana_Chauves_Souris",0.17466748,25.43612,91.375
"483","2015-11-01",0.7025,55.58261,"Lakato",0.20697731,18.84429,87.4375
"484","2015-11-01",0.4377,33.20491,"Mahabo",0.02922552,27.19857,71.75
"485","2015-11-01",0.5713,53.11412,"Mahialambo",0.16757213,19.64694,86.625
"486","2015-11-01",0.8369,76.93341,"Makira",0.14294395,19.68426,83
"487","2015-11-01",0.5388,53.11412,"Mangarivotra",0.19274688,18.71719,86.625
"488","2015-11-01",0.7919,55.58261,"Maromizaha",0.1728155,21.62741,87.4375
"489","2015-11-01",0.543,53.11412,"Marotsipohy",0.19274688,18.71719,86.625
"490","2015-11-01",0.5924,55.58261,"Marovitsika",0.15222763,18.84429,87.4375
"491","2015-12-01",0.5048,65.20477,"Ambakoana",0.4669358,20.91216,89.1875
"492","2015-12-01",0.7375,65.20477,"AngavoBe",0.397466,20.86096,89.1875
"493","2015-12-01",0.6314,65.20477,"AngavoKely",0.3198633,19.50561,89.1875
"494","2015-12-01",0.7062,66.5498,"Ankarana_Canyon",0.4758134,27.59625,90.4375
"495","2015-12-01",0.6319,66.5498,"Ankarana_Cathedral",0.4758134,27.59625,90.4375
"496","2015-12-01",0.6258,66.5498,"Ankarana_Chauves_Souris",0.4758134,26.85867,90.4375
"497","2015-12-01",0.7111,65.20477,"Lakato",0.341814,20.86096,89.1875
"498","2015-12-01",0.4851,46.01588,"Mahabo",0.1289097,27.75057,80.25
"499","2015-12-01",0.5783,61.82904,"Mahialambo",0.4741683,21.7106,91.5625
"500","2015-12-01",0.8398,79.88853,"Makira",0.3167586,21.63958,87
"501","2015-12-01",0.5455,61.82904,"Mangarivotra",0.5454673,20.91216,91.5625
"502","2015-12-01",0.7692,65.20477,"Maromizaha",0.3121366,23.66729,89.1875
"503","2015-12-01",0.5377,61.82904,"Marotsipohy",0.5454673,20.91216,91.5625
"504","2015-12-01",0.6058,65.20477,"Marovitsika",0.3821964,20.86096,89.1875
"505","2016-01-01",0.5588,67.5938,"Ambakoana",0.3497028,20.10537,89.3125
"506","2016-01-01",0.7713,67.5938,"AngavoBe",0.3245898,20.02889,89.3125
"507","2016-01-01",0.6603,67.5938,"AngavoKely",0.3419614,18.52728,89.3125
"508","2016-01-01",0.7515,72.43008,"Ankarana_Canyon",0.5112626,26.99771,92.25
"509","2016-01-01",0.6792,72.43008,"Ankarana_Cathedral",0.5112626,26.99771,92.25
"510","2016-01-01",0.6679,72.43008,"Ankarana_Chauves_Souris",0.5112626,25.90139,92.25
"511","2016-01-01",0.7882,67.5938,"Lakato",0.3380556,20.02889,89.3125
"512","2016-01-01",0.6387,40.3083,"Mahabo",0.1821619,28.12274,80.9375
"513","2016-01-01",0.6155,67.1497,"Mahialambo",0.3757715,20.90335,89.1875
"514","2016-01-01",0.8541,81.05378,"Makira",0.4946999,21.58077,87.3125
"515","2016-01-01",0.5684,67.1497,"Mangarivotra",0.3371875,20.10537,89.1875
"516","2016-01-01",0.8187,67.5938,"Maromizaha",0.3050882,23.08212,89.3125
"517","2016-01-01",0.573,67.1497,"Marotsipohy",0.3371875,20.10537,89.1875
"518","2016-01-01",0.6732,67.5938,"Marovitsika",0.3245924,20.02889,89.3125
"519","2016-02-01",0.5777,68.3544,"Ambakoana",0.4314733,20.61175,89.875
"520","2016-02-01",0.7637,68.3544,"AngavoBe",0.3478107,20.60711,89.875
"521","2016-02-01",0.6497,68.3544,"AngavoKely",0.3094848,18.80969,89.875
"522","2016-02-01",0.8322,74.61752,"Ankarana_Canyon",0.5451894,27.01177,92
"523","2016-02-01",0.7029,74.61752,"Ankarana_Cathedral",0.5451894,27.01177,92
"524","2016-02-01",0.7623,74.61752,"Ankarana_Chauves_Souris",0.5451894,25.94116,92
"525","2016-02-01",0.7423,68.3544,"Lakato",0.4682492,20.60711,89.875
"526","2016-02-01",0.611,49.33242,"Mahabo",0.2005588,27.87576,80.9375
"527","2016-02-01",0.6209,67.72348,"Mahialambo",0.4966021,21.21771,89.9375
"528","2016-02-01",0.8284,81.98682,"Makira",0.3334004,21.77596,86.625
"529","2016-02-01",0.5765,67.72348,"Mangarivotra",0.4413336,20.61175,89.9375
"530","2016-02-01",0.8287,68.3544,"Maromizaha",0.4581524,23.79452,89.875
"531","2016-02-01",0.6725,67.72348,"Marotsipohy",0.4413336,20.61175,89.9375
"532","2016-02-01",0.6851,68.3544,"Marovitsika",0.3898061,20.60711,89.875
"533","2016-03-01",0.629,71.77299,"Ambakoana",0.3689715,20.54406,90.1875
"534","2016-03-01",0.775,71.77299,"AngavoBe",0.2915807,20.48159,90.1875
"535","2016-03-01",0.6924,71.77299,"AngavoKely",0.2749672,19.01516,90.1875
"536","2016-03-01",0.7861,70.79254,"Ankarana_Canyon",0.2857231,27.66403,92.625
"537","2016-03-01",0.7014,70.79254,"Ankarana_Cathedral",0.2857231,27.66403,92.625
"538","2016-03-01",0.7362,70.79254,"Ankarana_Chauves_Souris",0.2857231,26.35473,92.625
"539","2016-03-01",0.8199,71.77299,"Lakato",0.4539855,20.48159,90.1875
"540","2016-03-01",0.6692,56.03928,"Mahabo",0.2222409,27.6112,85.25
"541","2016-03-01",0.6578,66.80549,"Mahialambo",0.4775908,21.25076,91.125
"542","2016-03-01",0.859,79.85738,"Makira",0.499761,21.84942,86.0625
"543","2016-03-01",0.6027,66.80549,"Mangarivotra",0.3541421,20.54406,91.125
"544","2016-03-01",0.8086,71.77299,"Maromizaha",0.3962216,23.69177,90.1875
"545","2016-03-01",0.71,66.80549,"Marotsipohy",0.3541421,20.54406,91.125
"546","2016-03-01",0.7302,71.77299,"Marovitsika",0.3006952,20.48159,90.1875
"547","2016-04-01",0.6303,66.18483,"Ambakoana",0.020403285,18.75387,89.4375
"548","2016-04-01",0.8071,66.18483,"AngavoBe",0.006714785,18.733,89.4375
"549","2016-04-01",0.7028,66.18483,"AngavoKely",0.010106821,17.39007,89.4375
"550","2016-04-01",0.7967,62.8586,"Ankarana_Canyon",0.053677168,27.38967,90.0625
"551","2016-04-01",0.7184,62.8586,"Ankarana_Cathedral",0.053677168,27.38967,90.0625
"552","2016-04-01",0.7429,62.8586,"Ankarana_Chauves_Souris",0.053677168,25.45843,90.0625
"553","2016-04-01",0.8158,66.18483,"Lakato",0.04398096,18.733,89.4375
"554","2016-04-01",0.6706,38.90434,"Mahabo",0.03316889,26.6137,74.5625
"555","2016-04-01",0.6204,59.83734,"Mahialambo",0,19.56378,88.125
"556","2016-04-01",0.8851,77.9911,"Makira",0.133452341,20.3468,86.125
"557","2016-04-01",0.6006,59.83734,"Mangarivotra",0.002960373,18.75387,88.125
"558","2016-04-01",0.8263,66.18483,"Maromizaha",0.050186388,22.1881,89.4375
"559","2016-04-01",0.7145,59.83734,"Marotsipohy",0.002960373,18.75387,88.125
"560","2016-04-01",0.7427,66.18483,"Marovitsika",0.006233018,18.733,89.4375
"561","2016-05-01",0.5906,67.95452,"Ambakoana",0.069214836,15.66876,86.125
"562","2016-05-01",0.8098,67.95452,"AngavoBe",0.013932219,15.6127,86.125
"563","2016-05-01",0.6817,67.95452,"AngavoKely",0.008417618,13.73733,86.125
"564","2016-05-01",0.7282,56.90629,"Ankarana_Canyon",0.001805839,25.65301,89.375
"565","2016-05-01",0.6577,56.90629,"Ankarana_Cathedral",0.001805839,25.65301,89.375
"566","2016-05-01",0.6629,56.90629,"Ankarana_Chauves_Souris",0.001805839,23.38763,89.375
"567","2016-05-01",0.8117,67.95452,"Lakato",0.051672392,15.6127,86.125
"568","2016-05-01",0.5699,35.60895,"Mahabo",0,23.72338,72.375
"569","2016-05-01",0.6317,64.24109,"Mahialambo",0.050963592,16.43246,88.5
"570","2016-05-01",0.8261,74.45158,"Makira",0.024980463,17.71002,78.875
"571","2016-05-01",0.5954,64.24109,"Mangarivotra",0.051182847,15.66876,88.5
"572","2016-05-01",0.8415,67.95452,"Maromizaha",0.040140733,19.68743,86.125
"573","2016-05-01",0.6709,64.24109,"Marotsipohy",0.051182847,15.66876,88.5
"574","2016-05-01",0.7239,67.95452,"Marovitsika",0.018295288,15.6127,86.125
"575","2016-06-01",0.6265,71.67437,"Ambakoana",0.21792312,14.24652,87.4375
"576","2016-06-01",0.8026,71.67437,"AngavoBe",0.07998127,14.27676,87.4375
"577","2016-06-01",0.6804,71.67437,"AngavoKely",0.05855187,12.26983,87.4375
"578","2016-06-01",0.6565,58.94656,"Ankarana_Canyon",0.02640162,24.52011,86.5
"579","2016-06-01",0.5931,58.94656,"Ankarana_Cathedral",0.02640162,24.52011,86.5
"580","2016-06-01",0.6043,58.94656,"Ankarana_Chauves_Souris",0.02640162,22.10446,86.5
"581","2016-06-01",0.8026,71.67437,"Lakato",0.12193377,14.27676,87.4375
"582","2016-06-01",0.4939,36.37306,"Mahabo",0.01186978,23.09707,66.3125
"583","2016-06-01",0.6649,70.79205,"Mahialambo",0.19111317,15.02978,89.75
"584","2016-06-01",0.8364,76.97383,"Makira",0.15280032,16.5787,77.9375
"585","2016-06-01",0.6221,70.79205,"Mangarivotra",0.20869762,14.24652,89.75
"586","2016-06-01",0.8308,71.67437,"Maromizaha",0.12060957,18.37371,87.4375
"587","2016-06-01",0.6896,70.79205,"Marotsipohy",0.20869762,14.24652,89.75
"588","2016-06-01",0.7259,71.67437,"Marovitsika",0.07570734,14.27676,87.4375
"589","2016-07-01",0.5689,66.90253,"Ambakoana",0.047514562,13.38125,88.875
"590","2016-07-01",0.779,66.90253,"AngavoBe",0.009473247,13.5119,88.875
"591","2016-07-01",0.6303,66.90253,"AngavoKely",0,11.46789,88.875
"592","2016-07-01",0.6039,54.11009,"Ankarana_Canyon",0.012228008,23.7286,88.75
"593","2016-07-01",0.5347,54.11009,"Ankarana_Cathedral",0.012228008,23.7286,88.75
"594","2016-07-01",0.5378,54.11009,"Ankarana_Chauves_Souris",0.012228008,21.16018,88.75
"595","2016-07-01",0.7838,66.90253,"Lakato",0.040059175,13.5119,88.875
"596","2016-07-01",0.4378,33.50076,"Mahabo",0.005146279,23.12191,66.5
"597","2016-07-01",0.627,67.107,"Mahialambo",0.060090687,14.0549,91.5625
"598","2016-07-01",0.8019,71.71439,"Makira",0.108600877,15.48821,72.625
"599","2016-07-01",0.5859,67.107,"Mangarivotra",0.068835482,13.38125,91.5625
"600","2016-07-01",0.8197,66.90253,"Maromizaha",0.036359876,17.53573,88.875
"601","2016-07-01",0.673,67.107,"Marotsipohy",0.068835482,13.38125,91.5625
"602","2016-07-01",0.7008,66.90253,"Marovitsika",0.011965079,13.5119,88.875
"603","2016-08-01",0.5393,62.27777,"Ambakoana",0.00692672,14.21762,88.5
"604","2016-08-01",0.7454,62.27777,"AngavoBe",0,14.40737,88.5
"605","2016-08-01",0.5805,62.27777,"AngavoKely",0.007067335,12.79623,88.5
"606","2016-08-01",0.558,52.07713,"Ankarana_Canyon",0.006521279,24.03649,89
"607","2016-08-01",0.497,52.07713,"Ankarana_Cathedral",0.006521279,24.03649,89
"608","2016-08-01",0.494,52.07713,"Ankarana_Chauves_Souris",0.006521279,21.65554,89
"609","2016-08-01",0.7607,62.27777,"Lakato",0.002016795,14.40737,88.5
"610","2016-08-01",0.3994,28.6471,"Mahabo",0,23.36318,66.4375
"611","2016-08-01",0.5887,58.12831,"Mahialambo",0.021445073,14.92138,88.125
"612","2016-08-01",0.8581,71.32122,"Makira",0.028163845,16.00302,76.3125
"613","2016-08-01",0.5354,58.12831,"Mangarivotra",0.006931799,14.21762,88.125
"614","2016-08-01",0.8073,62.27777,"Maromizaha",0,18.20703,88.5
"615","2016-08-01",0.625,58.12831,"Marotsipohy",0.006931799,14.21762,88.125
"616","2016-08-01",0.6624,62.27777,"Marovitsika",0.001239438,14.40737,88.5
"617","2016-09-01",0.5009,58.20329,"Ambakoana",0.0150128556,14.46237,87.9375
"618","2016-09-01",0.7269,58.20329,"AngavoBe",0.0024119855,14.59469,87.9375
"619","2016-09-01",0.5378,58.20329,"AngavoKely",0.009362394,13.16241,87.9375
"620","2016-09-01",0.5125,50.66762,"Ankarana_Canyon",0.0019930392,24.16213,89.5
"621","2016-09-01",0.449,50.66762,"Ankarana_Cathedral",0.0019930392,24.16213,89.5
"622","2016-09-01",0.4413,50.66762,"Ankarana_Chauves_Souris",0.0019930392,21.8197,89.5
"623","2016-09-01",0.7223,58.20329,"Lakato",0,14.59469,87.9375
"624","2016-09-01",0.3634,23.98968,"Mahabo",0.0008487327,24.91073,67.1875
"625","2016-09-01",0.5534,54.67333,"Mahialambo",0.0178007558,15.24294,91.375
"626","2016-09-01",0.8279,69.00018,"Makira",0.008976656,16.07168,74.8125
"627","2016-09-01",0.4985,54.67333,"Mangarivotra",0.0173511934,14.46237,91.375
"628","2016-09-01",0.7795,58.20329,"Maromizaha",0,18.457,87.9375
"629","2016-09-01",0.5765,54.67333,"Marotsipohy",0.0173511934,14.46237,91.375
"630","2016-09-01",0.6076,58.20329,"Marovitsika",0.0058148443,14.59469,87.9375
"631","2016-10-01",0.4523,53.14856,"Ambakoana",0.37635237,17.81222,88.5625
"632","2016-10-01",0.6833,53.14856,"AngavoBe",0.152031988,17.92974,88.5625
"633","2016-10-01",0.5065,53.14856,"AngavoKely",0.138018817,16.81674,88.5625
"634","2016-10-01",0.5062,51.853,"Ankarana_Canyon",0.004615248,25.71218,91.75
"635","2016-10-01",0.4221,51.853,"Ankarana_Cathedral",0.004615248,25.71218,91.75
"636","2016-10-01",0.4139,51.853,"Ankarana_Chauves_Souris",0.004615248,23.73525,91.75
"637","2016-10-01",0.6869,53.14856,"Lakato",0.159718186,17.92974,88.5625
"638","2016-10-01",0.3537,28.41006,"Mahabo",0.022538083,26.07974,72.125
"639","2016-10-01",0.5016,49.05848,"Mahialambo",0.4411273,18.656,85.8125
"640","2016-10-01",0.8358,73.34402,"Makira",0.057725567,18.31933,80.75
"641","2016-10-01",0.4701,49.05848,"Mangarivotra",0.40699628,17.81222,85.8125
"642","2016-10-01",0.7775,53.14856,"Maromizaha",0.151754484,20.99484,88.5625
"643","2016-10-01",0.5341,49.05848,"Marotsipohy",0.40699628,17.81222,85.8125
"644","2016-10-01",0.5432,53.14856,"Marovitsika",0.218411222,17.92974,88.5625
"645","2016-11-01",0.4246,55.24776,"Ambakoana",0.17815304,18.86913,87.0625
"646","2016-11-01",0.6486,55.24776,"AngavoBe",0.1354757,18.98361,87.0625
"647","2016-11-01",0.533,55.24776,"AngavoKely",0.14388977,18.03539,87.0625
"648","2016-11-01",0.515,50.86964,"Ankarana_Canyon",0.02147552,26.65917,90.25
"649","2016-11-01",0.4058,50.86964,"Ankarana_Cathedral",0.02147552,26.65917,90.25
"650","2016-11-01",0.419,50.86964,"Ankarana_Chauves_Souris",0.02147552,24.79156,90.25
"651","2016-11-01",0.6413,55.24776,"Lakato",0.05918738,18.98361,87.0625
"652","2016-11-01",0.3595,31.9708,"Mahabo",0.05483067,27.44503,74
"653","2016-11-01",0.4863,49.99022,"Mahialambo",0.2112194,19.94091,87.3125
"654","2016-11-01",0.8312,75.45567,"Makira",0.03843315,19.33114,83.0625
"655","2016-11-01",0.4407,49.99022,"Mangarivotra",0.20971426,18.86913,87.3125
"656","2016-11-01",0.7506,55.24776,"Maromizaha",0.07405344,21.95782,87.0625
"657","2016-11-01",0.5218,49.99022,"Marotsipohy",0.20971426,18.86913,87.3125
"658","2016-11-01",0.511,55.24776,"Marovitsika",0.13749352,18.98361,87.0625
"659","2016-12-01",0.536,56.98444,"Ambakoana",0.0845155,19.58373,87.8125
"660","2016-12-01",0.7241,56.98444,"AngavoBe",0.05200912,19.63409,87.8125
"661","2016-12-01",0.611,56.98444,"AngavoKely",0.08988249,18.56576,87.8125
"662","2016-12-01",0.6969,57.48984,"Ankarana_Canyon",0.03697363,27.21539,88.9375
"663","2016-12-01",0.4834,57.48984,"Ankarana_Cathedral",0.03697363,27.21539,88.9375
"664","2016-12-01",0.5279,57.48984,"Ankarana_Chauves_Souris",0.03697363,25.77252,88.9375
"665","2016-12-01",0.7345,56.98444,"Lakato",0.06833292,19.63409,87.8125
"666","2016-12-01",0.4246,39.11555,"Mahabo",0.07474289,28.2741,78.25
"667","2016-12-01",0.5317,50.40636,"Mahialambo",0.10000977,20.69247,88.1875
"668","2016-12-01",0.8369,76.55378,"Makira",0.07756898,20.18713,85.6875
"669","2016-12-01",0.5046,50.40636,"Mangarivotra",0.10500205,19.58373,88.1875
"670","2016-12-01",0.755,56.98444,"Maromizaha",0.04482904,22.80529,87.8125
"671","2016-12-01",0.6483,50.40636,"Marotsipohy",0.10500205,19.58373,88.1875
"672","2016-12-01",0.6001,56.98444,"Marovitsika",0.06818611,19.63409,87.8125
"673","2017-01-01",0.5003,57.4155,"Ambakoana",0.08949383,19.7546,89.125
"674","2017-01-01",0.7325,57.4155,"AngavoBe",0.08609832,19.85452,89.125
"675","2017-01-01",0.617,57.4155,"AngavoKely",0.07602182,18.35577,89.125
"676","2017-01-01",0.7519,66.74113,"Ankarana_Canyon",0.26963419,26.97961,90.8125
"677","2017-01-01",0.6138,66.74113,"Ankarana_Cathedral",0.26963419,26.97961,90.8125
"678","2017-01-01",0.6698,66.74113,"Ankarana_Chauves_Souris",0.26963419,25.8128,90.8125
"679","2017-01-01",0.7342,57.4155,"Lakato",0.01538441,19.85452,89.125
"680","2017-01-01",0.5664,44.19938,"Mahabo",0.135437,27.79397,77.375
"681","2017-01-01",0.5409,53.675,"Mahialambo",0.11865208,21.08737,88.5625
"682","2017-01-01",0.8431,76.75909,"Makira",0.15552399,20.61444,87
"683","2017-01-01",0.5717,53.675,"Mangarivotra",0.12266997,19.7546,88.5625
"684","2017-01-01",0.7629,57.4155,"Maromizaha",0.02760187,23.44204,89.125
"685","2017-01-01",0.6188,53.675,"Marotsipohy",0.12266997,19.7546,88.5625
"686","2017-01-01",0.5758,57.4155,"Marovitsika",0.08857013,19.85452,89.125
"687","2017-02-01",0.5737,61.20521,"Ambakoana",0.3212919,20.81869,86.1875
"688","2017-02-01",0.7464,61.20521,"AngavoBe",0.3849639,20.7904,86.1875
"689","2017-02-01",0.6438,61.20521,"AngavoKely",0.3179966,18.99658,86.1875
"690","2017-02-01",0.7471,68.07821,"Ankarana_Canyon",0.3858729,26.99365,90
"691","2017-02-01",0.6922,68.07821,"Ankarana_Cathedral",0.3858729,26.99365,90
"692","2017-02-01",0.6886,68.07821,"Ankarana_Chauves_Souris",0.3858729,25.90252,90
"693","2017-02-01",0.7278,61.20521,"Lakato",0.339442,20.7904,86.1875
"694","2017-02-01",0.6353,48.96114,"Mahabo",0.330822,27.39318,81.5
"695","2017-02-01",0.5984,57.87852,"Mahialambo",0.38435,21.89605,87.375
"696","2017-02-01",0.8479,77.73219,"Makira",0.4629059,21.47235,86.9375
"697","2017-02-01",0.5608,57.87852,"Mangarivotra",0.3416443,20.81869,87.375
"698","2017-02-01",0.7668,61.20521,"Maromizaha",0.3342412,24.05389,86.1875
"699","2017-02-01",0.6737,57.87852,"Marotsipohy",0.3416443,20.81869,87.375
"700","2017-02-01",0.6511,61.20521,"Marovitsika",0.3780265,20.7904,86.1875
"701","2017-03-01",0.5602,69.27917,"Ambakoana",0.68206102,20.32662,91.875
"702","2017-03-01",0.7699,69.27917,"AngavoBe",0.50721139,20.3355,91.875
"703","2017-03-01",0.6741,69.27917,"AngavoKely",0.40795189,18.54626,91.875
"704","2017-03-01",0.7966,71.47404,"Ankarana_Canyon",0.46526113,27.24066,91.25
"705","2017-03-01",0.7142,71.47404,"Ankarana_Cathedral",0.46526113,27.24066,91.25
"706","2017-03-01",0.7384,71.47404,"Ankarana_Chauves_Souris",0.46526113,26.02395,91.25
"707","2017-03-01",0.7492,69.27917,"Lakato",0.8108902,20.3355,91.875
"708","2017-03-01",0.6379,46.87092,"Mahabo",0.07960493,27.31545,79.625
"709","2017-03-01",0.6398,67.95145,"Mahialambo",0.65865481,21.0895,92
"710","2017-03-01",0.8413,81.32176,"Makira",1.09865606,21.50421,87
"711","2017-03-01",0.5994,67.95145,"Mangarivotra",0.66301227,20.32662,92
"712","2017-03-01",0.7686,69.27917,"Maromizaha",0.81934893,23.61514,91.875
"713","2017-03-01",0.7033,67.95145,"Marotsipohy",0.66301227,20.32662,92
"714","2017-03-01",0.6887,69.27917,"Marovitsika",0.53242272,20.3355,91.875
"715","2017-04-01",0.6171,71.01747,"Ambakoana",0.21312284,18.86862,90.625
"716","2017-04-01",0.8003,71.01747,"AngavoBe",0.1100343,18.94326,90.625
"717","2017-04-01",0.7018,71.01747,"AngavoKely",0.07488659,16.98025,90.625
"718","2017-04-01",0.7984,66.62806,"Ankarana_Canyon",0.03576516,27.30981,90.5
"719","2017-04-01",0.7195,66.62806,"Ankarana_Cathedral",0.03576516,27.30981,90.5
"720","2017-04-01",0.745,66.62806,"Ankarana_Chauves_Souris",0.03576516,25.36816,90.5
"721","2017-04-01",0.7948,71.01747,"Lakato",0.2558803,18.94326,90.625
"722","2017-04-01",0.5861,38.321,"Mahabo",0.04415461,26.47857,72.9375
"723","2017-04-01",0.6429,67.58513,"Mahialambo",0.12762776,19.57635,88.0625
"724","2017-04-01",0.7974,80.10755,"Makira",0.29016963,20.60375,86.9375
"725","2017-04-01",0.6267,67.58513,"Mangarivotra",0.1731468,18.86862,88.0625
"726","2017-04-01",0.8016,71.01747,"Maromizaha",0.24793795,22.32516,90.625
"727","2017-04-01",0.7207,67.58513,"Marotsipohy",0.1731468,18.86862,88.0625
"728","2017-04-01",0.7169,71.01747,"Marovitsika",0.13121273,18.94326,90.625
"729","2017-05-01",0.6376,65.89153,"Ambakoana",0.0133245168,17.13122,88.3125
"730","2017-05-01",0.8205,65.89153,"AngavoBe",0,17.14977,88.3125
"731","2017-05-01",0.7055,65.89153,"AngavoKely",0,15.42907,88.3125
"732","2017-05-01",0.745,63.05661,"Ankarana_Canyon",0.0172484722,26.69345,89
"733","2017-05-01",0.6655,63.05661,"Ankarana_Cathedral",0.0172484722,26.69345,89
"734","2017-05-01",0.6977,63.05661,"Ankarana_Chauves_Souris",0.0172484722,24.31582,89
"735","2017-05-01",0.8238,65.89153,"Lakato",0.0009335384,17.14977,88.3125
"736","2017-05-01",0.5083,33.73598,"Mahabo",0,25.47555,69.75
"737","2017-05-01",0.644,65.00321,"Mahialambo",0.0152022075,17.87289,88.5625
"738","2017-05-01",0.8453,79.34402,"Makira",0.0754602849,19.08108,82.875
"739","2017-05-01",0.5957,65.00321,"Mangarivotra",0.0081097446,17.13122,88.5625
"740","2017-05-01",0.83,65.89153,"Maromizaha",0.0017751822,20.81597,88.3125
"741","2017-05-01",0.7347,65.00321,"Marotsipohy",0.0081097446,17.13122,88.5625
"742","2017-05-01",0.7528,65.89153,"Marovitsika",0.0037154295,17.14977,88.3125
"743","2017-06-01",0.6029,66.77256,"Ambakoana",0.1033885404,15.71639,89.1875
"744","2017-06-01",0.8024,66.77256,"AngavoBe",0.0182286389,15.83886,89.1875
"745","2017-06-01",0.6762,66.77256,"AngavoKely",0.0016927214,13.80721,89.1875
"746","2017-06-01",0.6544,58.99833,"Ankarana_Canyon",0.0143604698,25.59472,89.4375
"747","2017-06-01",0.5793,58.99833,"Ankarana_Cathedral",0.0143604698,25.59472,89.4375
"748","2017-06-01",0.6131,58.99833,"Ankarana_Chauves_Souris",0.0143604698,23.1658,89.4375
"749","2017-06-01",0.8075,66.77256,"Lakato",0.1417439878,15.83886,89.1875
"750","2017-06-01",0.4549,34.15963,"Mahabo",0.0009628316,25.11477,68.875
"751","2017-06-01",0.6354,63.54242,"Mahialambo",0.0724494755,16.41174,90.3125
"752","2017-06-01",0.8676,76.72775,"Makira",0.1454237401,17.76718,81.375
"753","2017-06-01",0.626,63.54242,"Mangarivotra",0.0863166377,15.71639,90.3125
"754","2017-06-01",0.7799,66.77256,"Maromizaha",0.1485853493,19.83468,89.1875
"755","2017-06-01",0.6653,63.54242,"Marotsipohy",0.0863166377,15.71639,90.3125
"756","2017-06-01",0.745,66.77256,"Marovitsika",0.0273500923,15.83886,89.1875
"757","2017-07-01",0.593,61.26589,"Ambakoana",0.27116147,14.51852,91
"758","2017-07-01",0.7867,61.26589,"AngavoBe",0.21536323,14.62448,91
"759","2017-07-01",0.6342,61.26589,"AngavoKely",0.1858384,12.89953,91
"760","2017-07-01",0.6481,53.2264,"Ankarana_Canyon",0.02418406,24.92538,87.6875
"761","2017-07-01",0.5416,53.2264,"Ankarana_Cathedral",0.02418406,24.92538,87.6875
"762","2017-07-01",0.6041,53.2264,"Ankarana_Chauves_Souris",0.02418406,22.26324,87.6875
"763","2017-07-01",0.8097,61.26589,"Lakato",0.25166932,14.62448,91
"764","2017-07-01",0.4231,29.47904,"Mahabo",0.02532867,23.74993,64.4375
"765","2017-07-01",0.5978,58.32461,"Mahialambo",0.20515516,15.28543,89
"766","2017-07-01",0.8448,76.33939,"Makira",0.15003955,16.51135,77.25
"767","2017-07-01",0.5986,58.32461,"Mangarivotra",0.20118819,14.51852,89
"768","2017-07-01",0.8293,61.26589,"Maromizaha",0.28023529,18.56198,91
"769","2017-07-01",0.6807,58.32461,"Marotsipohy",0.20118819,14.51852,89
"770","2017-07-01",0.7255,61.26589,"Marovitsika",0.18652582,14.62448,91
"771","2017-08-01",0.5434,64.51611,"Ambakoana",0.031681113,14.59316,85.8125
"772","2017-08-01",0.7574,64.51611,"AngavoBe",0.007973318,14.69311,85.8125
"773","2017-08-01",0.5982,64.51611,"AngavoKely",0,13.07055,85.8125
"774","2017-08-01",0.5915,50.34268,"Ankarana_Canyon",0.012034533,24.60717,87.9375
"775","2017-08-01",0.5041,50.34268,"Ankarana_Cathedral",0.012034533,24.60717,87.9375
"776","2017-08-01",0.5347,50.34268,"Ankarana_Chauves_Souris",0.012034533,22.21978,87.9375
"777","2017-08-01",0.7782,64.51611,"Lakato",0.010258407,14.69311,85.8125
"778","2017-08-01",0.3789,30.84499,"Mahabo",0,24.01824,67.125
"779","2017-08-01",0.5694,59.49786,"Mahialambo",0.017078394,15.44943,92
"780","2017-08-01",0.8474,74.5406,"Makira",0.026138863,16.46057,77.4375
"781","2017-08-01",0.5728,59.49786,"Mangarivotra",0.016865281,14.59316,92
"782","2017-08-01",0.8133,64.51611,"Maromizaha",0.02133376,18.6372,85.8125
"783","2017-08-01",0.6601,59.49786,"Marotsipohy",0.016865281,14.59316,92
"784","2017-08-01",0.6644,64.51611,"Marovitsika",0.01216871,14.69311,85.8125
"785","2017-09-01",0.5137,54.45306,"Ambakoana",0.07277713,15.9222,87.625
"786","2017-09-01",0.7338,54.45306,"AngavoBe",0.027701341,16.12426,87.625
"787","2017-09-01",0.5543,54.45306,"AngavoKely",0.025275271,15.04061,87.625
"788","2017-09-01",0.5244,49.72223,"Ankarana_Canyon",0.002086325,25.22851,89.4375
"789","2017-09-01",0.4492,49.72223,"Ankarana_Cathedral",0.002086325,25.22851,89.4375
"790","2017-09-01",0.463,49.72223,"Ankarana_Chauves_Souris",0.002086325,23.00552,89.4375
"791","2017-09-01",0.7484,54.45306,"Lakato",0.030404745,16.12426,87.625
"792","2017-09-01",0.3496,23.78379,"Mahabo",0.001886913,24.94335,63.5625
"793","2017-09-01",0.5178,51.02531,"Mahialambo",0.126404673,17.18295,86.5625
"794","2017-09-01",0.8561,70.6875,"Makira",0.004343879,17.20172,80
"795","2017-09-01",0.5193,51.02531,"Mangarivotra",0.10130702,15.9222,86.5625
"796","2017-09-01",0.796,54.45306,"Maromizaha",0.043307364,19.40603,87.625
"797","2017-09-01",0.604,51.02531,"Marotsipohy",0.10130702,15.9222,86.5625
"798","2017-09-01",0.6408,54.45306,"Marovitsika",0.067306221,16.12426,87.625
"799","2017-10-01",0.4914,57.99545,"Ambakoana",0.12911868,18.0118,86.0625
"800","2017-10-01",0.7142,57.99545,"AngavoBe",0.06943177,18.17639,86.0625
"801","2017-10-01",0.553,57.99545,"AngavoKely",0.05325725,17.091,86.0625
"802","2017-10-01",0.5047,48.63182,"Ankarana_Canyon",0.01033874,26.4808,89.25
"803","2017-10-01",0.4144,48.63182,"Ankarana_Cathedral",0.01033874,26.4808,89.25
"804","2017-10-01",0.4407,48.63182,"Ankarana_Chauves_Souris",0.01033874,24.49127,89.25
"805","2017-10-01",0.7328,57.99545,"Lakato",0.05143313,18.17639,86.0625
"806","2017-10-01",0.3285,25.76439,"Mahabo",0,26.91964,71.75
"807","2017-10-01",0.499,51.07962,"Mahialambo",0.11189245,19.23248,89.125
"808","2017-10-01",0.8449,74.47775,"Makira",0.0681335,18.68847,83.625
"809","2017-10-01",0.4998,51.07962,"Mangarivotra",0.12755841,18.0118,89.125
"810","2017-10-01",0.8059,57.99545,"Maromizaha",0.04667846,21.21932,86.0625
"811","2017-10-01",0.5678,51.07962,"Marotsipohy",0.12755841,18.0118,89.125
"812","2017-10-01",0.6095,57.99545,"Marovitsika",0.06191107,18.17639,86.0625
"813","2017-11-01",0.523,65.12691,"Ambakoana",0.36865771,19.35095,89.3125
"814","2017-11-01",0.6965,65.12691,"AngavoBe",0.26183608,19.27313,89.3125
"815","2017-11-01",0.5979,65.12691,"AngavoKely",0.18733129,18.00942,89.3125
"816","2017-11-01",0.5595,58.81535,"Ankarana_Canyon",0.24435216,27.29116,90.375
"817","2017-11-01",0.4169,58.81535,"Ankarana_Cathedral",0.24435216,27.29116,90.375
"818","2017-11-01",0.4923,58.81535,"Ankarana_Chauves_Souris",0.24435216,25.85562,90.375
"819","2017-11-01",0.7266,65.12691,"Lakato",0.44026911,19.27313,89.3125
"820","2017-11-01",0.347,34.60212,"Mahabo",0.02590172,27.30081,73.1875
"821","2017-11-01",0.499,59.85811,"Mahialambo",0.41392833,20.31951,88.6875
"822","2017-11-01",0.8515,79.24146,"Makira",0.35009024,20.17037,85.9375
"823","2017-11-01",0.5113,59.85811,"Mangarivotra",0.37196293,19.35095,88.6875
"824","2017-11-01",0.7652,65.12691,"Maromizaha",0.4119758,22.06936,89.3125
"825","2017-11-01",0.5724,59.85811,"Marotsipohy",0.37196293,19.35095,88.6875
"826","2017-11-01",0.6411,65.12691,"Marovitsika",0.21143126,19.27313,89.3125
"827","2017-12-01",0.5802,68.73454,"Ambakoana",0.5634162,20.23913,90.875
"828","2017-12-01",0.7271,68.73454,"AngavoBe",0.3735031,20.30813,90.875
"829","2017-12-01",0.6238,68.73454,"AngavoKely",0.2653235,18.62158,90.875
"830","2017-12-01",0.7237,68.84855,"Ankarana_Canyon",0.2213876,27.21484,91.6875
"831","2017-12-01",0.594,68.84855,"Ankarana_Cathedral",0.2213876,27.21484,91.6875
"832","2017-12-01",0.6187,68.84855,"Ankarana_Chauves_Souris",0.2213876,25.8674,91.6875
"833","2017-12-01",0.76,68.73454,"Lakato",0.4575085,20.30813,90.875
"834","2017-12-01",0.3798,41.38283,"Mahabo",0.1101457,28.08822,81.0625
"835","2017-12-01",0.5775,65.34716,"Mahialambo",0.426659,20.86205,91.125
"836","2017-12-01",0.841,78.73238,"Makira",0.3499283,20.82699,84.875
"837","2017-12-01",0.5713,65.34716,"Mangarivotra",0.5089674,20.23913,91.125
"838","2017-12-01",0.7566,68.73454,"Maromizaha",0.4316143,23.24246,90.875
"839","2017-12-01",0.631,65.34716,"Marotsipohy",0.5089674,20.23913,91.125
"840","2017-12-01",0.6806,68.73454,"Marovitsika",0.4298873,20.30813,90.875
"841","2018-01-01",0.5236,69.80439,"Ambakoana",0.6228098,20.17526,91.6875
"842","2018-01-01",0.7362,69.80439,"AngavoBe",0.5263309,20.27294,92.875
"843","2018-01-01",0.6193,69.80439,"AngavoKely",0.3824083,18.37206,92.875
"844","2018-01-01",0.7811,70.887,"Ankarana_Canyon",0.4481855,26.19006,88.4375
"845","2018-01-01",0.6116,70.887,"Ankarana_Cathedral",0.4481855,26.19006,88.4375
"846","2018-01-01",0.6997,70.887,"Ankarana_Chauves_Souris",0.6231093,25.07266,88.4375
"847","2018-01-01",0.7459,69.80439,"Lakato",0.6385344,20.27294,88.125
"848","2018-01-01",0.5263,46.15985,"Mahabo",0.242229,27.91125,82.75
"849","2018-01-01",0.6031,68.0099,"Mahialambo",0.4282168,20.88824,91.6875
"850","2018-01-01",0.8225,78.8214,"Makira",0.4921764,21.04971,88.3125
"851","2018-01-01",0.5826,68.0099,"Mangarivotra",0.5660767,20.17526,91.6875
"852","2018-01-01",0.7809,69.80439,"Maromizaha",0.6460108,23.29031,91.6875
"853","2018-01-01",0.6706,68.0099,"Marotsipohy",0.5660767,20.17526,91.6875
"854","2018-01-01",0.6529,69.80439,"Marovitsika",0.5030929,20.27294,91.6875
"855","2018-02-01",0.5856,65.56388,"Ambakoana",0.599965,20.51104,89.0625
"856","2018-02-01",0.7548,65.56388,"AngavoBe",0.3986536,20.52969,92.5625
"857","2018-02-01",0.6618,65.56388,"AngavoKely",0.390372,18.84048,92.5625
"858","2018-02-01",0.7934,67.55284,"Ankarana_Canyon",0.4174573,26.92108,88.6875
"859","2018-02-01",0.649,67.55284,"Ankarana_Cathedral",0.4174573,26.92108,88.6875
"860","2018-02-01",0.7423,67.55284,"Ankarana_Chauves_Souris",0.4984105,25.63305,88.6875
"861","2018-02-01",0.7502,65.56388,"Lakato",0.4457164,20.52969,87.0625
"862","2018-02-01",0.5927,47.36423,"Mahabo",0.3005387,27.31072,82.1875
"863","2018-02-01",0.6103,63.37679,"Mahialambo",0.4442041,21.14944,89.0625
"864","2018-02-01",0.8548,79.02261,"Makira",0.7382067,21.14419,88.4375
"865","2018-02-01",0.5932,63.37679,"Mangarivotra",0.5463368,20.51104,89.0625
"866","2018-02-01",0.7788,65.56388,"Maromizaha",0.5183878,23.49691,89.0625
"867","2018-02-01",0.6761,63.37679,"Marotsipohy",0.5463368,20.51104,89.0625
"868","2018-02-01",0.6849,65.56388,"Marovitsika",0.5253127,20.52969,89.0625
"869","2018-03-01",0.5776,68.88825,"Ambakoana",0.41434887,19.8197,89.6875
"870","2018-03-01",0.7859,68.88825,"AngavoBe",0.34460586,19.88558,89.3125
"871","2018-03-01",0.6912,68.88825,"AngavoKely",0.18308023,18.08142,89.3125
"872","2018-03-01",0.804,70.5018,"Ankarana_Canyon",0.94042885,26.89388,86.6875
"873","2018-03-01",0.6239,70.5018,"Ankarana_Cathedral",0.94042885,26.89388,86.6875
"874","2018-03-01",0.7424,70.5018,"Ankarana_Chauves_Souris",1.30167508,25.46911,86.6875
"875","2018-03-01",0.7805,68.88825,"Lakato",0.43894303,19.88558,85.4375
"876","2018-03-01",0.5741,37.96374,"Mahabo",0.08739694,28.71768,77.25
"877","2018-03-01",0.6437,67.04676,"Mahialambo",0.22012688,20.56381,89.6875
"878","2018-03-01",0.8504,78.21884,"Makira",0.62357211,21.10043,85.5625
"879","2018-03-01",0.6418,67.04676,"Mangarivotra",0.29779738,19.8197,89.6875
"880","2018-03-01",0.8222,68.88825,"Maromizaha",0.51956719,23.08734,89.6875
"881","2018-03-01",0.7126,67.04676,"Marotsipohy",0.29779738,19.8197,89.6875
"882","2018-03-01",0.6982,68.88825,"Marovitsika",0.345561,19.88558,89.6875
"883","2018-04-01",0.6058,69.63409,"Ambakoana",0.05569257,18.28225,88.25
"884","2018-04-01",0.8059,69.63409,"AngavoBe",0.05851102,18.27963,89.3125
"885","2018-04-01",0.6898,69.63409,"AngavoKely",0.05367744,16.63732,89.3125
"886","2018-04-01",0.7845,65.6515,"Ankarana_Canyon",0.06165091,26.7023,86
"887","2018-04-01",0.6404,65.6515,"Ankarana_Cathedral",0.06165091,26.7023,86
"888","2018-04-01",0.7265,65.6515,"Ankarana_Chauves_Souris",0.18311822,24.83468,86
"889","2018-04-01",0.8064,69.63409,"Lakato",0.19039974,18.27963,87.125
"890","2018-04-01",0.5664,39.23936,"Mahabo",0.13508041,26.41091,75.875
"891","2018-04-01",0.6591,67.67988,"Mahialambo",0.11210574,19.02938,88.25
"892","2018-04-01",0.8674,80.55841,"Makira",0.43212432,19.93637,86.0625
"893","2018-04-01",0.6462,67.67988,"Mangarivotra",0.06083513,18.28225,88.25
"894","2018-04-01",0.8426,69.63409,"Maromizaha",0.15661995,21.73016,88.25
"895","2018-04-01",0.7235,67.67988,"Marotsipohy",0.06083513,18.28225,88.25
"896","2018-04-01",0.7112,69.63409,"Marovitsika",0.05247778,18.27963,88.25
"897","2018-05-01",0.5938,66.89481,"Ambakoana",0.029363573,17.32214,85.75
"898","2018-05-01",0.8004,66.89481,"AngavoBe",0.013675635,17.40594,84.6875
"899","2018-05-01",0.6712,66.89481,"AngavoKely",0.009997793,15.78185,84.6875
"900","2018-05-01",0.6823,61.57007,"Ankarana_Canyon",0.013045564,25.93691,85.1875
"901","2018-05-01",0.5973,61.57007,"Ankarana_Cathedral",0.013045564,25.93691,85.1875
"902","2018-05-01",0.6381,61.57007,"Ankarana_Chauves_Souris",0.010564948,23.81091,85.1875
"903","2018-05-01",0.8149,66.89481,"Lakato",0.015991947,17.40594,84.0625
"904","2018-05-01",0.5003,33.725,"Mahabo",0.006488226,25.27407,68.1875
"905","2018-05-01",0.6342,61.74469,"Mahialambo",0.043396283,17.86163,85.75
"906","2018-05-01",0.8858,77.12037,"Makira",0.041821081,18.86447,84.25
"907","2018-05-01",0.6397,61.74469,"Mangarivotra",0.029268138,17.32214,85.75
"908","2018-05-01",0.8499,66.89481,"Maromizaha",0.021429181,20.85662,85.75
"909","2018-05-01",0.6949,61.74469,"Marotsipohy",0.029268138,17.32214,85.75
"910","2018-05-01",0.6902,66.89481,"Marovitsika",0.029907208,17.40594,85.75
"911","2018-06-01",0.5977,62.12016,"Ambakoana",0,15.20495,85.8125
"912","2018-06-01",0.7938,62.12016,"AngavoBe",0.0027580068,15.26837,85.0625
"913","2018-06-01",0.6503,62.12016,"AngavoKely",0,13.52209,85.0625
"914","2018-06-01",0.6363,62.77255,"Ankarana_Canyon",0.0055961357,24.85006,80.125
"915","2018-06-01",0.551,62.77255,"Ankarana_Cathedral",0.0055961357,24.85006,80.125
"916","2018-06-01",0.5859,62.77255,"Ankarana_Chauves_Souris",0.0110843694,22.58978,80.125
"917","2018-06-01",0.8117,62.12016,"Lakato",0.0157926697,15.26837,81.75
"918","2018-06-01",0.447,34.68933,"Mahabo",0.0009324875,23.81005,68.875
"919","2018-06-01",0.6341,59.04978,"Mahialambo",0,15.88717,85.8125
"920","2018-06-01",0.8898,76.47775,"Makira",0.0229388624,17.34622,85.1875
"921","2018-06-01",0.6505,59.04978,"Mangarivotra",0,15.20495,85.8125
"922","2018-06-01",0.8245,62.12016,"Maromizaha",0.0219306517,19.1766,85.8125
"923","2018-06-01",0.6883,59.04978,"Marotsipohy",0,15.20495,85.8125
"924","2018-06-01",0.6716,62.12016,"Marovitsika",0.0023395291,15.26837,85.8125
"925","2018-07-01",0.574,66.29733,"Ambakoana",0.378246933,13.64462,87.5625
"926","2018-07-01",0.7715,66.29733,"AngavoBe",0.075133696,13.70779,84.1875
"927","2018-07-01",0.6233,66.29733,"AngavoKely",0.030058598,11.66928,84.1875
"928","2018-07-01",0.5891,56.44298,"Ankarana_Canyon",0.02511012,23.80349,78.25
"929","2018-07-01",0.5198,56.44298,"Ankarana_Cathedral",0.02511012,23.80349,78.25
"930","2018-07-01",0.5382,56.44298,"Ankarana_Chauves_Souris",0.039015334,21.39947,78.25
"931","2018-07-01",0.7977,66.29733,"Lakato",0.24753657,13.70779,84.8125
"932","2018-07-01",0.4112,33.44532,"Mahabo",0.001101032,23.26251,66.8125
"933","2018-07-01",0.5963,65.33232,"Mahialambo",0.355240941,14.37496,87.5625
"934","2018-07-01",0.8732,74.16969,"Makira",0.377968729,15.8384,83.75
"935","2018-07-01",0.5905,65.33232,"Mangarivotra",0.373704731,13.64462,87.5625
"936","2018-07-01",0.8129,66.29733,"Maromizaha",0.29811573,17.79782,87.5625
"937","2018-07-01",0.6367,65.33232,"Marotsipohy",0.373704731,13.64462,87.5625
"938","2018-07-01",0.6345,66.29733,"Marovitsika",0.096795194,13.70779,87.5625
"939","2018-08-01",0.5473,59.18248,"Ambakoana",0.02506621,14.86877,84.1875
"940","2018-08-01",0.7344,59.18248,"AngavoBe",0.007165734,15.00744,78.9375
"941","2018-08-01",0.5433,59.18248,"AngavoKely",0.001305518,13.3113,78.9375
"942","2018-08-01",0.5335,53.28433,"Ankarana_Canyon",0.024123743,23.85916,79.25
"943","2018-08-01",0.4731,53.28433,"Ankarana_Cathedral",0.024123743,23.85916,79.25
"944","2018-08-01",0.4908,53.28433,"Ankarana_Chauves_Souris",0.021038085,21.7517,79.25
"945","2018-08-01",0.7578,59.18248,"Lakato",0.019492241,15.00744,82.6875
"946","2018-08-01",0.3758,23.65212,"Mahabo",0.002604682,23.98263,72.875
"947","2018-08-01",0.5511,54.87112,"Mahialambo",0.015834555,15.45385,84.1875
"948","2018-08-01",0.867,71.89744,"Makira",0.069162108,16.39684,84.4375
"949","2018-08-01",0.5539,54.87112,"Mangarivotra",0.017463457,14.86877,84.1875
"950","2018-08-01",0.8044,59.18248,"Maromizaha",0.015472229,18.86856,84.1875
"951","2018-08-01",0.6368,54.87112,"Marotsipohy",0.017463457,14.86877,84.1875
"952","2018-08-01",0.5804,59.18248,"Marovitsika",0.007357009,15.00744,84.1875
"953","2018-09-01",0.4933,58.49911,"Ambakoana",0.007450529,15.71343,85
"954","2018-09-01",0.7073,58.49911,"AngavoBe",0.001155465,15.91522,78.25
"955","2018-09-01",0.5289,58.49911,"AngavoKely",0.002457752,14.41442,78.25
"956","2018-09-01",0.5123,54.37702,"Ankarana_Canyon",0.033007383,24.74917,82.125
"957","2018-09-01",0.4252,54.37702,"Ankarana_Cathedral",0.033007383,24.74917,82.125
"958","2018-09-01",0.4513,54.37702,"Ankarana_Chauves_Souris",0.031000504,22.5501,82.125
"959","2018-09-01",0.721,58.49911,"Lakato",0.002052489,15.91522,83.125
"960","2018-09-01",0.3343,24.772,"Mahabo",0.010305525,25.16815,74.25
"961","2018-09-01",0.5196,53.0619,"Mahialambo",0.009763049,16.37188,85
"962","2018-09-01",0.8604,75.65652,"Makira",0.069464512,17.17391,84.875
"963","2018-09-01",0.5218,53.0619,"Mangarivotra",0.01529255,15.71343,85
"964","2018-09-01",0.781,58.49911,"Maromizaha",0.002977313,19.50207,85
"965","2018-09-01",0.5904,53.0619,"Marotsipohy",0.01529255,15.71343,85
"966","2018-09-01",0.518,58.49911,"Marovitsika",0.001923992,15.91522,85
"967","2018-10-01",0.508,58.68923,"Ambakoana",0.237364694,17.57012,85.1875
"968","2018-10-01",0.6913,58.68923,"AngavoBe",0.044452209,17.4428,83.875
"969","2018-10-01",0.5083,58.68923,"AngavoKely",0.048654571,16.46398,83.875
"970","2018-10-01",0.4829,52.57167,"Ankarana_Canyon",0.010183933,25.65231,83.6875
"971","2018-10-01",0.3958,52.57167,"Ankarana_Cathedral",0.010183933,25.65231,83.6875
"972","2018-10-01",0.4168,52.57167,"Ankarana_Chauves_Souris",0.014288005,23.82781,83.6875
"973","2018-10-01",0.7094,58.68923,"Lakato",0.094595879,17.4428,84.875
"974","2018-10-01",0.3173,26.73787,"Mahabo",0.001545961,25.0913,76.5625
"975","2018-10-01",0.4985,52.06891,"Mahialambo",0.320826262,18.52239,85.1875
"976","2018-10-01",0.8418,76.00036,"Makira",0.203380927,18.53832,84.75
"977","2018-10-01",0.5033,52.06891,"Mangarivotra",0.312898993,17.57012,85.1875
"978","2018-10-01",0.7856,58.68923,"Maromizaha",0.161701143,20.34576,85.1875
"979","2018-10-01",0.572,52.06891,"Marotsipohy",0.312898993,17.57012,85.1875
"980","2018-10-01",0.4927,58.68923,"Marovitsika",0.083550304,17.4428,85.1875
"981","2018-11-01",0.4817,60.48885,"Ambakoana",0.22701515,19.33749,84.9375
"982","2018-11-01",0.6798,60.48885,"AngavoBe",0.09558338,19.2774,86.6875
"983","2018-11-01",0.4825,60.48885,"AngavoKely",0.08813967,18.31173,86.6875
"984","2018-11-01",0.5184,59.41211,"Ankarana_Canyon",0.14210619,27.01019,85.625
"985","2018-11-01",0.407,59.41211,"Ankarana_Cathedral",0.14210619,27.01019,85.625
"986","2018-11-01",0.4496,59.41211,"Ankarana_Chauves_Souris",0.26930851,25.37765,85.625
"987","2018-11-01",0.7018,60.48885,"Lakato",0.1033916,19.2774,85.6875
"988","2018-11-01",0.3151,28.38345,"Mahabo",0.02513825,27.1881,75.375
"989","2018-11-01",0.5038,53.30865,"Mahialambo",0.20763661,20.52493,84.9375
"990","2018-11-01",0.8479,78.125,"Makira",0.15133558,20.06753,86.875
"991","2018-11-01",0.4967,53.30865,"Mangarivotra",0.23814665,19.33749,84.9375
"992","2018-11-01",0.7655,60.48885,"Maromizaha",0.13275281,22.27816,84.9375
"993","2018-11-01",0.5691,53.30865,"Marotsipohy",0.23814665,19.33749,84.9375
"994","2018-11-01",0.491,60.48885,"Marovitsika",0.11930019,19.2774,84.9375
"995","2018-12-01",0.4997,62.00092,"Ambakoana",0.2132134,20.34512,88.3125
"996","2018-12-01",0.6761,62.00092,"AngavoBe",0.2190717,20.30587,89.875
"997","2018-12-01",0.5277,62.00092,"AngavoKely",0.214891,19.06173,89.875
"998","2018-12-01",0.7048,61.89312,"Ankarana_Canyon",0.5195149,27.63781,87.875
"999","2018-12-01",0.5837,61.89312,"Ankarana_Cathedral",0.5195149,27.63781,87.875
"1000","2018-12-01",0.6617,61.89312,"Ankarana_Chauves_Souris",0.5999689,26.54751,87.875
"1001","2018-12-01",0.6965,62.00092,"Lakato",0.1122034,20.30587,87.3125
"1002","2018-12-01",0.3585,34.83387,"Mahabo",0.1108279,27.90856,77.75
"1003","2018-12-01",0.5568,55.5057,"Mahialambo",0.246514,21.41766,88.3125
"1004","2018-12-01",0.82,77.92415,"Makira",0.3404164,21.10781,88.1875
"1005","2018-12-01",0.5463,55.5057,"Mangarivotra",0.211064,20.34512,88.3125
"1006","2018-12-01",0.7855,62.00092,"Maromizaha",0.1071806,23.39138,88.3125
"1007","2018-12-01",0.5857,55.5057,"Marotsipohy",0.211064,20.34512,88.3125
"1008","2018-12-01",0.515,62.00092,"Marovitsika",0.2515112,20.30587,88.3125
"1009","2019-01-01",0.5461,71.22672,"Ambakoana",0.4824327,20.94076,91.1875
"1010","2019-01-01",0.7488,71.22672,"AngavoBe",0.4180102,21.01834,91.375
"1011","2019-01-01",0.6002,71.22672,"AngavoKely",0.310841,19.00988,91.375
"1012","2019-01-01",0.7655,70.70848,"Ankarana_Canyon",0.4674108,26.9999,87.8125
"1013","2019-01-01",0.6695,70.70848,"Ankarana_Cathedral",0.4674108,26.9999,87.8125
"1014","2019-01-01",0.7512,70.70848,"Ankarana_Chauves_Souris",0.6779981,25.79254,87.8125
"1015","2019-01-01",0.7096,71.22672,"Lakato",0.4417555,21.01834,88.0625
"1016","2019-01-01",0.5215,53.61835,"Mahabo",0.2829157,27.44811,87.125
"1017","2019-01-01",0.5952,70.54333,"Mahialambo",0.3267117,21.49877,91.1875
"1018","2019-01-01",0.8222,80.33494,"Makira",0.5770309,21.72308,88.4375
"1019","2019-01-01",0.5643,70.54333,"Mangarivotra",0.4071854,20.94076,91.1875
"1020","2019-01-01",0.7811,71.22672,"Maromizaha",0.3895114,24.11413,91.1875
"1021","2019-01-01",0.6411,70.54333,"Marotsipohy",0.4071854,20.94076,91.1875
"1022","2019-01-01",0.5931,71.22672,"Marovitsika",0.4972912,21.01834,91.1875
"1023","2019-02-01",0.629,63.67828,"Ambakoana",0.4721025,20.68646,89
"1024","2019-02-01",0.7579,63.67828,"AngavoBe",0.3510121,20.62112,89.3125
"1025","2019-02-01",0.6851,63.67828,"AngavoKely",0.2820151,19.15353,89.3125
"1026","2019-02-01",0.7853,69.35202,"Ankarana_Canyon",0.5707472,26.89544,87.9375
"1027","2019-02-01",0.6626,69.35202,"Ankarana_Cathedral",0.5707472,26.89544,87.9375
"1028","2019-02-01",0.7578,69.35202,"Ankarana_Chauves_Souris",0.597678,25.69732,87.9375
"1029","2019-02-01",0.7736,63.67828,"Lakato",0.3665465,20.62112,87.1875
"1030","2019-02-01",0.5967,48.21547,"Mahabo",0.3671843,27.49551,85.25
"1031","2019-02-01",0.6222,64.47389,"Mahialambo",0.348236,21.37762,89
"1032","2019-02-01",0.8256,80.55823,"Makira",0.3399557,21.62139,89.1875
"1033","2019-02-01",0.6262,64.47389,"Mangarivotra",0.4286367,20.68646,89
"1034","2019-02-01",0.7975,63.67828,"Maromizaha",0.4454427,23.69934,89
"1035","2019-02-01",0.7058,64.47389,"Marotsipohy",0.4286367,20.68646,89
"1036","2019-02-01",0.6612,63.67828,"Marovitsika",0.404121,20.62112,89
"1037","2019-03-01",0.6738,68.20393,"Ambakoana",0.51266444,20.75579,89.125
"1038","2019-03-01",0.82,68.20393,"AngavoBe",0.40443191,20.72589,91.375
"1039","2019-03-01",0.7309,68.20393,"AngavoKely",0.35895827,19.11114,91.375
"1040","2019-03-01",0.7861,67.09274,"Ankarana_Canyon",0.4176718,27.54757,86.8125
"1041","2019-03-01",0.7167,67.09274,"Ankarana_Cathedral",0.4176718,27.54757,86.8125
"1042","2019-03-01",0.7633,67.09274,"Ankarana_Chauves_Souris",0.66649878,26.32534,86.8125
"1043","2019-03-01",0.8024,68.20393,"Lakato",0.51210445,20.72589,84.6875
"1044","2019-03-01",0.6503,46.7312,"Mahabo",0.09042747,27.22772,83.125
"1045","2019-03-01",0.6521,66.03627,"Mahialambo",0.55682385,21.43856,89.125
"1046","2019-03-01",0.8189,79.84847,"Makira",0.52715522,21.7618,88.125
"1047","2019-03-01",0.6479,66.03627,"Mangarivotra",0.52336818,20.75579,89.125
"1048","2019-03-01",0.8369,68.20393,"Maromizaha",0.45408076,23.79208,89.125
"1049","2019-03-01",0.7628,66.03627,"Marotsipohy",0.52336818,20.75579,89.125
"1050","2019-03-01",0.7022,68.20393,"Marovitsika",0.41545475,20.72589,89.125
"1051","2019-04-01",0.6512,68.62757,"Ambakoana",0.15542197,19.94076,89.25
"1052","2019-04-01",0.7977,68.62757,"AngavoBe",0.07329314,19.97335,88.9375
"1053","2019-04-01",0.7315,68.62757,"AngavoKely",0.10348326,18.36743,88.9375
"1054","2019-04-01",0.8072,67.57343,"Ankarana_Canyon",0.25384292,27.81292,86.4375
"1055","2019-04-01",0.7188,67.57343,"Ankarana_Cathedral",0.25384292,27.81292,86.4375
"1056","2019-04-01",0.744,67.57343,"Ankarana_Chauves_Souris",0.47452229,26.10327,86.4375
"1057","2019-04-01",0.8239,68.62757,"Lakato",0.11072369,19.97335,88.6875
"1058","2019-04-01",0.6027,38.07812,"Mahabo",0.01774665,27.18975,77.5
"1059","2019-04-01",0.6539,66.48244,"Mahialambo",0.19279122,20.63815,89.25
"1060","2019-04-01",0.8751,82.52743,"Makira",0.31054172,21.3522,87.625
"1061","2019-04-01",0.6434,66.48244,"Mangarivotra",0.1457701,19.94076,89.25
"1062","2019-04-01",0.8315,68.62757,"Maromizaha",0.09650531,23.47756,89.25
"1063","2019-04-01",0.7195,66.48244,"Marotsipohy",0.1457701,19.94076,89.25
"1064","2019-04-01",0.7349,68.62757,"Marovitsika",0.11216611,19.97335,89.25
"1065","2019-05-01",0.6267,67.03,"Ambakoana",0.028880293,17.52172,84.75
"1066","2019-05-01",0.8064,67.03,"AngavoBe",0.026418274,17.47146,84.6875
"1067","2019-05-01",0.6969,67.03,"AngavoKely",0.008873766,15.71273,84.6875
"1068","2019-05-01",0.745,64.83315,"Ankarana_Canyon",0.010930028,26.38464,84.125
"1069","2019-05-01",0.6762,64.83315,"Ankarana_Cathedral",0.010930028,26.38464,84.125
"1070","2019-05-01",0.6992,64.83315,"Ankarana_Chauves_Souris",0.018197678,24.22732,84.125
"1071","2019-05-01",0.8146,67.03,"Lakato",0.047884598,17.47146,83.125
"1072","2019-05-01",0.522,38.49178,"Mahabo",0.003785331,25.20812,71.5625
"1073","2019-05-01",0.6569,63.32339,"Mahialambo",0.020089377,18.22296,84.75
"1074","2019-05-01",0.8704,79.29488,"Makira",0.125848636,19.23425,85.9375
"1075","2019-05-01",0.6405,63.32339,"Mangarivotra",0.018365351,17.52172,84.75
"1076","2019-05-01",0.8291,67.03,"Maromizaha",0.060992014,21.04876,84.75
"1077","2019-05-01",0.7095,63.32339,"Marotsipohy",0.018365351,17.52172,84.75
"1078","2019-05-01",0.7187,67.03,"Marovitsika",0.025023723,17.47146,84.75
"1079","2019-06-01",0.6123,68.87929,"Ambakoana",0.15031549,15.45037,86.9375
"1080","2019-06-01",0.8043,68.87929,"AngavoBe",0.12100761,15.44543,84.5625
"1081","2019-06-01",0.6684,68.87929,"AngavoKely",0.07999748,13.47222,84.5625
"1082","2019-06-01",0.6647,59.60477,"Ankarana_Canyon",0.02950247,25.40002,80.8125
"1083","2019-06-01",0.6123,59.60477,"Ankarana_Cathedral",0.02950247,25.40002,80.8125
"1084","2019-06-01",0.6191,59.60477,"Ankarana_Chauves_Souris",0.05074374,22.99172,80.8125
"1085","2019-06-01",0.7935,68.87929,"Lakato",0.17140394,15.44543,86.125
"1086","2019-06-01",0.4844,38.46155,"Mahabo",0.05657347,23.82757,71
"1087","2019-06-01",0.6243,67.85313,"Mahialambo",0.1305774,16.20977,86.9375
"1088","2019-06-01",0.8686,74.77225,"Makira",0.12871674,17.50515,83.3125
"1089","2019-06-01",0.6391,67.85313,"Mangarivotra",0.14400421,15.45037,86.9375
"1090","2019-06-01",0.8109,68.87929,"Maromizaha",0.17399715,19.38418,86.9375
"1091","2019-06-01",0.6735,67.85313,"Marotsipohy",0.14400421,15.45037,86.9375
"1092","2019-06-01",0.7061,68.87929,"Marovitsika",0.10726762,15.44543,86.9375
"1093","2019-07-01",0.6175,66.74992,"Ambakoana",0.09013897,14.6864,88.25
"1094","2019-07-01",0.7847,66.74992,"AngavoBe",0.02047726,14.74349,83.25
"1095","2019-07-01",0.6325,66.74992,"AngavoKely",0.01359159,12.87621,83.25
"1096","2019-07-01",0.6178,58.12559,"Ankarana_Canyon",0.02107957,24.69778,81.625
"1097","2019-07-01",0.5592,58.12559,"Ankarana_Cathedral",0.02107957,24.69778,81.625
"1098","2019-07-01",0.5697,58.12559,"Ankarana_Chauves_Souris",0.06970133,22.38293,81.625
"1099","2019-07-01",0.7984,66.74992,"Lakato",0.05922044,14.74349,82.5625
"1100","2019-07-01",0.4307,32.58814,"Mahabo",0.01297667,22.69103,70
"1101","2019-07-01",0.6025,63.66716,"Mahialambo",0.07637969,15.45822,88.25
"1102","2019-07-01",0.8192,76.41506,"Makira",0.14398028,16.90957,85.25
"1103","2019-07-01",0.6112,63.66716,"Mangarivotra",0.09056505,14.6864,88.25
"1104","2019-07-01",0.7977,66.74992,"Maromizaha",0.06706517,18.59707,88.25
"1105","2019-07-01",0.7098,63.66716,"Marotsipohy",0.09056505,14.6864,88.25
"1106","2019-07-01",0.6819,66.74992,"Marovitsika",0.02314872,14.74349,88.25
"1107","2019-08-01",0.5809,58.99271,"Ambakoana",0.091098696,14.70584,84.3125
"1108","2019-08-01",0.7589,58.99271,"AngavoBe",0.016656209,14.9288,77.8125
"1109","2019-08-01",0.6272,58.99271,"AngavoKely",0.006828743,13.19744,77.8125
"1110","2019-08-01",0.5604,54.30464,"Ankarana_Canyon",0.06218601,24.6965,78.5625
"1111","2019-08-01",0.5034,54.30464,"Ankarana_Cathedral",0.06218601,24.6965,78.5625
"1112","2019-08-01",0.5181,54.30464,"Ankarana_Chauves_Souris",0.082380831,22.12127,78.5625
"1113","2019-08-01",0.7689,58.99271,"Lakato",0.042591039,14.9288,82.625
"1114","2019-08-01",0.3849,23.4835,"Mahabo",0.004417209,24.4042,66.4375
"1115","2019-08-01",0.5851,58.71732,"Mahialambo",0.093721449,15.50103,84.3125
"1116","2019-08-01",0.8804,74.26353,"Makira",0.176555246,16.66339,83.875
"1117","2019-08-01",0.5717,58.71732,"Mangarivotra",0.080954008,14.70584,84.3125
"1118","2019-08-01",0.7849,58.99271,"Maromizaha",0.065066256,18.78387,84.3125
"1119","2019-08-01",0.6581,58.71732,"Marotsipohy",0.080954008,14.70584,84.3125
"1120","2019-08-01",0.6507,58.99271,"Marovitsika",0.031717248,14.9288,84.3125
"1121","2019-09-01",0.529,57.11576,"Ambakoana",0.25530535,16.32842,85.5
"1122","2019-09-01",0.7294,57.11576,"AngavoBe",0.07832779,16.34789,82.4375
"1123","2019-09-01",0.5471,57.11576,"AngavoKely",0.04203216,15.33901,82.4375
"1124","2019-09-01",0.5192,53.65513,"Ankarana_Canyon",0.01298617,25.50064,82
"1125","2019-09-01",0.4578,53.65513,"Ankarana_Cathedral",0.01298617,25.50064,82
"1126","2019-09-01",0.4574,53.65513,"Ankarana_Chauves_Souris",0.02016802,23.04666,82
"1127","2019-09-01",0.7382,57.11576,"Lakato",0.04708448,16.34789,82.0625
"1128","2019-09-01",0.3522,28.59711,"Mahabo",0,25.02496,70.8125
"1129","2019-09-01",0.5213,52.23008,"Mahialambo",0.10985614,17.45529,85.5
"1130","2019-09-01",0.8583,76.22383,"Makira",0.09444245,17.4931,85.4375
"1131","2019-09-01",0.5244,52.23008,"Mangarivotra",0.20986609,16.32842,85.5
"1132","2019-09-01",0.808,57.11576,"Maromizaha",0.0667356,19.66894,85.5
"1133","2019-09-01",0.6102,52.23008,"Marotsipohy",0.20986609,16.32842,85.5
"1134","2019-09-01",0.5783,57.11576,"Marovitsika",0.17055117,16.34789,85.5
"1135","2019-10-01",0.513,53.29573,"Ambakoana",0.11769567,18.4815,80.125
"1136","2019-10-01",0.7466,53.29573,"AngavoBe",0.07695007,18.68823,77.125
"1137","2019-10-01",0.5557,53.29573,"AngavoKely",0.07059766,17.78018,77.125
"1138","2019-10-01",0.5042,55.72645,"Ankarana_Canyon",0.01062021,26.78289,84.5
"1139","2019-10-01",0.4248,55.72645,"Ankarana_Cathedral",0.01062021,26.78289,84.5
"1140","2019-10-01",0.4299,55.72645,"Ankarana_Chauves_Souris",0.02102732,24.44393,84.5
"1141","2019-10-01",0.7147,53.29573,"Lakato",0.02044965,18.68823,80.5
"1142","2019-10-01",0.3342,25.94979,"Mahabo",0.01751213,27.7965,72.8125
"1143","2019-10-01",0.513,48.36784,"Mahialambo",0.11869151,19.75884,80.125
"1144","2019-10-01",0.8427,76.72329,"Makira",0.036109,19.26486,83.25
"1145","2019-10-01",0.5177,48.36784,"Mangarivotra",0.11564872,18.4815,80.125
"1146","2019-10-01",0.7937,53.29573,"Maromizaha",0.02840976,21.79132,80.125
"1147","2019-10-01",0.5944,48.36784,"Marotsipohy",0.11564872,18.4815,80.125
"1148","2019-10-01",0.5473,53.29573,"Marovitsika",0.09436789,18.68823,80.125
"1149","2019-11-01",0.5056,60.86359,"Ambakoana",0.36773819,20.30783,84.0625
"1150","2019-11-01",0.7069,60.86359,"AngavoBe",0.2528128,20.38363,82.75
"1151","2019-11-01",0.579,60.86359,"AngavoKely",0.16637658,18.95986,82.75
"1152","2019-11-01",0.6145,63.23314,"Ankarana_Canyon",0.08865552,27.75125,85.5625
"1153","2019-11-01",0.4288,63.23314,"Ankarana_Cathedral",0.08865552,27.75125,85.5625
"1154","2019-11-01",0.4606,63.23314,"Ankarana_Chauves_Souris",0.28883198,25.80172,85.5625
"1155","2019-11-01",0.6932,60.86359,"Lakato",0.30273214,20.38363,84.1875
"1156","2019-11-01",0.3489,29.85606,"Mahabo",0.08186264,28.28387,74.1875
"1157","2019-11-01",0.5016,54.77494,"Mahialambo",0.25217563,21.28198,84.0625
"1158","2019-11-01",0.8367,80.59366,"Makira",0.38757128,20.91592,88.1875
"1159","2019-11-01",0.5048,54.77494,"Mangarivotra",0.31332922,20.30783,84.0625
"1160","2019-11-01",0.763,60.86359,"Maromizaha",0.34100306,23.27038,84.0625
"1161","2019-11-01",0.5705,54.77494,"Marotsipohy",0.31332922,20.30783,84.0625
"1162","2019-11-01",0.5107,60.86359,"Marovitsika",0.24392115,20.38363,84.0625
"1163","2019-12-01",0.5603,63.88927,"Ambakoana",0.3897321,20.94406,87.3125
"1164","2019-12-01",0.7348,63.88927,"AngavoBe",0.4651679,21.07784,85.6875
"1165","2019-12-01",0.615,63.88927,"AngavoKely",0.3120689,19.34564,85.6875
"1166","2019-12-01",0.7374,67.21879,"Ankarana_Canyon",0.6706867,27.52624,86.6875
"1167","2019-12-01",0.5732,67.21879,"Ankarana_Cathedral",0.6706867,27.52624,86.6875
"1168","2019-12-01",0.6401,67.21879,"Ankarana_Chauves_Souris",0.6902433,26.59207,86.6875
"1169","2019-12-01",0.7037,63.88927,"Lakato",0.4996007,21.07784,86.8125
"1170","2019-12-01",0.3793,35.61376,"Mahabo",0.1175942,28.31399,78.1875
"1171","2019-12-01",0.5108,60.10859,"Mahialambo",0.2275268,21.73287,87.3125
"1172","2019-12-01",0.8388,80.64281,"Makira",0.7176299,21.81246,87.8125
"1173","2019-12-01",0.5282,60.10859,"Mangarivotra",0.2494188,20.94406,87.3125
"1174","2019-12-01",0.7716,63.88927,"Maromizaha",0.4807872,24.01434,87.3125
"1175","2019-12-01",0.6054,60.10859,"Marotsipohy",0.2494188,20.94406,87.3125
"1176","2019-12-01",0.5529,63.88927,"Marovitsika",0.4292473,21.07784,87.3125
